setid,title,reason,dailymed
82771f22-0197-40ba-97d2-2386152790ed,"365 WHOLE FOODS MARKET SUNSCREEN CLEAR COCONUT VANILLA SPF 50 (OCTOCRYLENE, OCTISALATE, AVOBENZONE, AND HOMOSALATE) AEROSOL, SPRAY 365 WHOLE FOODS MARKET KIDS CLEAR SUNSCREEN SPF 50 (OCTOCRYLENE, OCTISALATE, AVOBENZONE, AND HOMOSALATE) AEROSOL, SPRAY [WHOLE FOODS MARKET, INC.]",not one sunscreen: 2 products in one listing,https://dailymed.nlm.nih.gov/dailymed/drugInfo.cfm?setid=82771f22-0197-40ba-97d2-2386152790ed
62016e94-b5d2-4ba2-ab9c-b0b2c1ead650,"ALOE UP KIDS SPORT SUNSCREEN SPF 50 (AVOBENZONE, HOMOSALATE, OCTISALATE, OCTOCRYLENE) LOTION [ALOE CARE INTERNATIONAL, LLC]",does not meet US rules as listed: octocrylene 15% is above the US limit of 10%,https://dailymed.nlm.nih.gov/dailymed/drugInfo.cfm?setid=62016e94-b5d2-4ba2-ab9c-b0b2c1ead650
3c470ff8-37d6-a729-e063-6294a90aa525,"BABY BUM MINERAL 50 SUNSCREEN ROLL-ON (TITANIUM DIOXIDE, ZINC OXIDE) LOTION BABY BUM MINERAL 50 SUNSCREEN (TITANIUM DIOXIDE, ZINC OXIDE) SPRAY [SUN BUM, LLC]",not one sunscreen: 2 products in one listing,https://dailymed.nlm.nih.gov/dailymed/drugInfo.cfm?setid=3c470ff8-37d6-a729-e063-6294a90aa525
2a9d4264-c51b-40ce-880b-bb61470f8002,"BANANA BOAT BABY SIN LAGRIMAS SPF 50 PUMP (HOMOSALATE AND OCTINOXATE AND OCTISALATE AND OCTOCRYLENE AND AVOBENZONE) SPRAY [ACCRA-PAC, INC.]",label for another market (label names a distributor or importer in Mexico),https://dailymed.nlm.nih.gov/dailymed/drugInfo.cfm?setid=2a9d4264-c51b-40ce-880b-bb61470f8002
bcebfcd8-e4f0-482e-abb7-4e7ca3cfa0b9,"BANANA BOAT BABY TEAR FREE LOTION SPF 50 (HOMOSALATE AND OCTINOXATE AND OCTISALATE AND OCTOCRYLENE AND AVOBENZONE) SPRAY [ACCRA-PAC, INC.]",label for another market (label names a distributor or importer in the UK),https://dailymed.nlm.nih.gov/dailymed/drugInfo.cfm?setid=bcebfcd8-e4f0-482e-abb7-4e7ca3cfa0b9
c70b480d-4475-4476-973e-38546dc1c755,"BANANA BOAT BABY TEAR FREE SUNSCREEN SPF 60 (HOMOSALATE AND OCTINOXATE AND OCTISALATE AND AVOBENZONE AND OCTOCRYLENE) SPRAY [ACCRA-PAC, INC.]",label for another market (label names a distributor or importer in Canada),https://dailymed.nlm.nih.gov/dailymed/drugInfo.cfm?setid=c70b480d-4475-4476-973e-38546dc1c755
e72f2ad6-f3cb-418d-9ff3-d857cfbe0c21,"BANANA BOAT KIDS SIN LAGRIMAS PUMP SPF 50 (HOMOSALATE AND OCTINOXATE AND OCTISALATE AND OCTOCRYLENE AND AVOBENZONE) SPRAY [ACCRA-PAC, INC.]",label for another market (label names a distributor or importer in Mexico),https://dailymed.nlm.nih.gov/dailymed/drugInfo.cfm?setid=e72f2ad6-f3cb-418d-9ff3-d857cfbe0c21
0329bfae-3f38-4fcd-be77-f92c67657bb5,"BANANA BOAT KIDS TEAR FREE SUNSCREEN SPF 60 (HOMOSALATE AND OCTINOXATE AND OCTISALATE AND AVOBENZONE AND OCTOCRYLENE) SPRAY [ACCRA-PAC, INC.]",label for another market (label names a distributor or importer in Canada),https://dailymed.nlm.nih.gov/dailymed/drugInfo.cfm?setid=0329bfae-3f38-4fcd-be77-f92c67657bb5
3aa6550e-d1ed-4064-bf58-e694705669a8,"BANANA BOAT ULTRA MIST KIDS FPS 60 LATAM (HOMOSALATE AND OCTINOXATE AND OCTISALATE AND OCTOCRYLENE AND OXYBENZONE AND AVOBENZONE) SPRAY [ACCRA-PAC, INC.]",label for another market (label names a distributor or importer in Mexico),https://dailymed.nlm.nih.gov/dailymed/drugInfo.cfm?setid=3aa6550e-d1ed-4064-bf58-e694705669a8
5af11bbe-0dec-416c-8f37-e93b14a940b6,"BANANA BOAT ULTRAMIST KIDS SPF 50 FACTOR DE PROTECCION SOLAR 50 (HOMOSALATE AND OCTINOXATE AND OCTISALATE AND OCTOCRYLENE AND AVOBENZONE) SPRAY [ACCRA-PAC, INC.]",label for another market (label names a distributor or importer in Mexico),https://dailymed.nlm.nih.gov/dailymed/drugInfo.cfm?setid=5af11bbe-0dec-416c-8f37-e93b14a940b6
03fbbb81-bd8b-488a-b013-d06203bf5c7f,"BANANA BOAT ULTRAMIST KIDS TEAR FREE LOTION SPF 50 (HOMOSALATE AND OCTINOXATE AND OCTISALATE AND OCTOCRYLENE AND AVOBENZONE) SPRAY [ACCRA-PAC, INC.]",label for another market (label names a distributor or importer in the UK),https://dailymed.nlm.nih.gov/dailymed/drugInfo.cfm?setid=03fbbb81-bd8b-488a-b013-d06203bf5c7f
aa977e07-83a9-3e6e-e053-2a95a90a25a9,BEBAK BABY SUN (OXYBENZONE) LOTION [SORA KOZMETIK SANAYI TICARET ANONIM SIRKETI],does not meet US rules as listed: oxybenzone 8.5% is above the US limit of 6%,https://dailymed.nlm.nih.gov/dailymed/drugInfo.cfm?setid=aa977e07-83a9-3e6e-e053-2a95a90a25a9
641e891e-32c5-4977-991a-2e3a45f343b0,"GARNIER OMBRELLE KIDS WET N PROTECT HYPOALLERGENIC SPF 45 MEXORYL TECHNOLOGY (HOMOSALATE, OCTOCRYLENE, OXYBENZONE, OCTISALATE, AVOBENZONE AND DROMETRIZOLE TRISILOXANE) LOTION [L'OREAL USA PRODUCTS INC]",label for another market (title says OMBRELLE),https://dailymed.nlm.nih.gov/dailymed/drugInfo.cfm?setid=641e891e-32c5-4977-991a-2e3a45f343b0
eae9dcef-e6e1-4d3c-8c8c-53aea3b96344,"GARNIER OMBRELLE KIDS WET N PROTECT HYPOALLERGENIC SPF 45 MEXORYL TECHNOLOGY (HOMOSALATE, OCTOCRYLENE, OXYBENZONE, OCTISALATE, AVOBENZONE AND DROMETRIZOLE TRISILOXANE) LOTION [L'OREAL USA PRODUCTS INC]",label for another market (title says OMBRELLE),https://dailymed.nlm.nih.gov/dailymed/drugInfo.cfm?setid=eae9dcef-e6e1-4d3c-8c8c-53aea3b96344
e1f4208b-3f24-4e01-b53f-c1778ea5c1b3,"GARNIER OMBRELLE SPF 60 UVA UVB KIDS WET N PROTECT SUNSCREEN PROTECTION EVEN ON WET SKIN HYPOALLERGENIC WATER/SWEAT RESISTANT 80 MINUTES QUICK ABSORPTION (HOMOSALATE, OCTOCRYLENE, OXYBENZONE, OCTISALATE, AVOBENZONE AND DROMETRIZOLE TRISILOXANE) LOTION [L'OREAL USA PRODUCTS INC]",label for another market (title says OMBRELLE),https://dailymed.nlm.nih.gov/dailymed/drugInfo.cfm?setid=e1f4208b-3f24-4e01-b53f-c1778ea5c1b3
43a6b8e3-49f7-2ac7-e054-00144ff88e88,"GODDESS GARDEN ORGANICS KIDS NATURAL SUNSCREEN SPF 30 (TITANIUM DIOXIDE, ZINC OXIDE) SPRAY GODDESS GARDEN ORGANICS KIDS NATURAL SUNSCREEN SPF 30 (TITANIUM DIOXIDE, ZINC OXIDE) AEROSOL, SPRAY [CROSSING CULTURES, LLC DBA GODDESS GARDEN]",not one sunscreen: 2 products in one listing,https://dailymed.nlm.nih.gov/dailymed/drugInfo.cfm?setid=43a6b8e3-49f7-2ac7-e054-00144ff88e88
c5d52f13-a649-9579-e053-2a95a90a062c,PROPOLIS NASAL PLUS (PLUS NASAL) LIQUID PROPOLIS NASAL (NASAL) LIQUID SUNSCREEN SPF50 (NON NANO ZINC OXIDE) CREAM SUNSCREEN FOR FACE SPF50 (NON NANO ZINC OXIDE) CREAM AFTERSUN (NON NANO ZINC OXIDE) CREAM DIAPER RASH CREAM (NON NANO ZINC OXIDE) CREAM SUNSCREEN FOR KIDS SPF50 (NON NANO ZINC OXIDE) CREAM S.O.S CREAM INTENSIVE MOISTURIZING SKIN PROTECTANT (NON NANO ZINC OXIDE) CREAM ACNE CONTROL SERUM (SALICYLIC ACID) LIQUID [SBS BILIMSEL BIO COZUMLER SANAYI VE TICARET ANONIM SIRKETI PINAR SUBESI],not one sunscreen: 9 products in one listing,https://dailymed.nlm.nih.gov/dailymed/drugInfo.cfm?setid=c5d52f13-a649-9579-e053-2a95a90a062c
247aae3d-1845-4dd8-b774-b9e8214809a2,SPF 50 PLUS SUNSCREEN ALL MINERAL ACTIVE INGREDIENTS (TITANIUM DIOXIDE AND ZINC OXIDE) STICK KIDS SPF 50 PLUS SUNSCREEN ALL MINERAL ACTIVE INGREDIENTS (TITANIUM DIOXIDE AND ZINC OXIDE) STICK [KAS DIRECT LLC DBA BABYGANICS],not one sunscreen: 2 products in one listing,https://dailymed.nlm.nih.gov/dailymed/drugInfo.cfm?setid=247aae3d-1845-4dd8-b774-b9e8214809a2
42c74ddf-70a3-f2b1-e063-6294a90a91a9,"SUNBEAT PROCARE FPS 50 KIDS (HOMOSALATE, OCTOCRYLENE, OCTISALATE, AVOBENZONE, ENSULIZOLE) LOTION [TECNOGLOBAL, PH7 S.A. DE C.V.]",label for another market (title says FPS),https://dailymed.nlm.nih.gov/dailymed/drugInfo.cfm?setid=42c74ddf-70a3-f2b1-e063-6294a90a91a9
1cb7fbca-0874-ae53-e063-6294a90ab42a,"SUNSCREEN FOR BABY SPF50PLUS (OCTOCRYLENE,ETHYLHEXYL METHOXYCINNAMATE,TITANIUM DIOXIDE,ETHYLHEXYL SALICYLATE) LOTION [GUANGZHOU SENMAI BIOTECHNOLOGY CO., LTD.]",does not meet US rules as listed: octinoxate 10% is above the US limit of 7.5%,https://dailymed.nlm.nih.gov/dailymed/drugInfo.cfm?setid=1cb7fbca-0874-ae53-e063-6294a90ab42a
537296b2-3782-4081-98b2-483e8aaf8b6e,TENDER MOMENTS SPF 45 (HOMOSALATE OCTINOXATE OCTISALATE OXYBENZONE TITANIUM DIOXIDE OCTOCRYLENE) LOTION [JAFRA COSMETICS INTERNATIONAL],does not meet US rules as listed: octinoxate 7.7% is above the US limit of 7.5%,https://dailymed.nlm.nih.gov/dailymed/drugInfo.cfm?setid=537296b2-3782-4081-98b2-483e8aaf8b6e
