baby_kids_title,baby_kids_dailymed,same_list_title,same_list_dailymed,same_company
"ALBA BOTANICA KIDS MINERAL SUNSCREEN FF SPF30 (ZINC OXIDE, TITANIUM DIOXIDE) CREAM [THE HAIN CELESTIAL GROUP, INC.]",https://dailymed.nlm.nih.gov/dailymed/drugInfo.cfm?setid=639fd681-3b6e-1a55-e053-2991aa0ae7d3,"ALBA BOTANICA MINERAL SUNSCREEN FF SPF30 (ZINC OXIDE, TITANIUM DIOXIDE) CREAM [THE HAIN CELESTIAL GROUP, INC.]",https://dailymed.nlm.nih.gov/dailymed/drugInfo.cfm?setid=638e119f-51c6-59a6-e053-2991aa0aeffa,yes
"ALBA BOTANICA KIDS MINERAL SUNSCREEN FF SPF30 (ZINC OXIDE, TITANIUM DIOXIDE) CREAM [THE HAIN CELESTIAL GROUP, INC.]",https://dailymed.nlm.nih.gov/dailymed/drugInfo.cfm?setid=639fd681-3b6e-1a55-e053-2991aa0ae7d3,"ALBA BOTANICA MINERAL SUNSCREEN FF SPF30 (ZINC OXIDE, TITANIUM DIOXIDE) CREAM [THE HAIN CELESTIAL GROUP, INC.]",https://dailymed.nlm.nih.gov/dailymed/drugInfo.cfm?setid=639e786b-03fb-ac2d-e053-2a91aa0a9d02,yes
"ALBA BOTANICA KIDS SPF 50 TROPICAL FRUIT (AVOBENZONE, HOMOSALATE, OCTISALATE, OCTOCRYLENE) SPRAY [HAIN CELESTIAL GROUP, INC]",https://dailymed.nlm.nih.gov/dailymed/drugInfo.cfm?setid=f6941bab-1e97-1dc8-e053-2995a90a9317,"ALBA BOTANICA SPORT SPF 50 SUNSCREEN (AVOBENZONE, HOMOSALATE, OCTISALATE, OCTOCRYLENE) SPRAY [HAIN CELESTIAL GROUP, INC.]",https://dailymed.nlm.nih.gov/dailymed/drugInfo.cfm?setid=fd78fb8e-99b0-91b0-e053-6394a90a9271,no
"ALOE UP SPF 50 KIDS MINERAL (ZINC OXIDE) LOTION [ALOE INTERNATIONAL, LLC]",https://dailymed.nlm.nih.gov/dailymed/drugInfo.cfm?setid=35cd5542-947d-a042-e063-6394a90a13f8,"ALOE UP SPF 50 MINERAL (ZINC OXIDE) LOTION [ALOE INTERNATIONAL, LLC]",https://dailymed.nlm.nih.gov/dailymed/drugInfo.cfm?setid=35bc3621-f4e4-42d3-e063-6394a90a7aad,yes
"ALOE UP SPF 50 KIDS MINERAL (ZINC OXIDE, TITANIUM DIOXIDE) SPRAY [ALOE CARE INTERNATIONAL, LLC]",https://dailymed.nlm.nih.gov/dailymed/drugInfo.cfm?setid=35cd16b0-bd81-8f68-e063-6294a90a3d8c,"ALOE UP SPF 50 MINERAL (ZINC OXIDE, TITANIUM DIOXIDE) SPRAY [ALOE CARE INTERNATIONAL, LLC]",https://dailymed.nlm.nih.gov/dailymed/drugInfo.cfm?setid=35b9dcfa-05f3-3d7b-e063-6394a90a18f1,yes
ATTITUDE KIDS MINERAL SUNSCREEN UNSCENTED SPF 30 (ZINC OXIDE) CREAM [9055-7588 QU&EACUTE;BEC INC. DBA ATTITUDE],https://dailymed.nlm.nih.gov/dailymed/drugInfo.cfm?setid=c2461e22-1518-4f9e-ad8c-951784ef8b5f,BIO SPECTRA ATTITUDE (ZINC OXIDE) CREAM [9055-7588 QUEBEC INC. DBA ATTITUDE],https://dailymed.nlm.nih.gov/dailymed/drugInfo.cfm?setid=954713fe-c84c-41b4-913d-3507ed91e55d,no
ATTITUDE KIDS OATMEAL SENSITIVE MINERAL SUNSCREEN UNSCENTED SPF 30 (ZINC OXIDE) CREAM [9055-7588 QUEBEC INC. DBA ATTITUDE],https://dailymed.nlm.nih.gov/dailymed/drugInfo.cfm?setid=310e66a2-8714-4016-87f4-81c1fef19ec9,ATTITUDE OATMEAL SENSITIVE MINERAL SUNSCREEN UNSCENTED SPF 30 (ZINC OXIDE) CREAM [9055-7588 QUEBEC INC. DBA ATTITUDE],https://dailymed.nlm.nih.gov/dailymed/drugInfo.cfm?setid=b6b8733d-6431-4ed2-9350-c63bb901c804,yes
ATTITUDE MINERAL SUNSCREEN LITTLE ONES - FRAGRANCE FREE (ZINC OXIDE) CREAM [BIO SPECTRA],https://dailymed.nlm.nih.gov/dailymed/drugInfo.cfm?setid=bfd4e49b-b279-4646-b457-c6d359ad10aa,ATTITUDE MINERAL SUNSCREEN- FAMILY - FRAGRANCE FREE (ZINC OXIDE) CREAM [BIO SPECTRA],https://dailymed.nlm.nih.gov/dailymed/drugInfo.cfm?setid=db5c13be-26ce-4fce-a1f0-2cc63a50a1b0,yes
ATTITUDE MINERAL SUNSCREEN SENSITIVE SKIN CARE LITTLE ONES (ZINC OXIDE) CREAM [BIO SPECTRA],https://dailymed.nlm.nih.gov/dailymed/drugInfo.cfm?setid=b1ac6959-577a-44e2-97b2-af37c2073c53,ATTITUDE MINERAL SUNSCREEN SENSITIVE SKIN CARE FAMILY (ZINC OXIDE) CREAM [BIO SPECTRA],https://dailymed.nlm.nih.gov/dailymed/drugInfo.cfm?setid=64d3b56b-db4f-4b18-a0d6-11eb3695ca99,yes
ATTITUDE SUNLY BABY MINERAL SUNSCREEN FACE STICK SPF 50 UNSCENTED (ZINC OXIDE) STICK [9055-7588 QU&EACUTE;BEC INC.DBA ATTITUDE],https://dailymed.nlm.nih.gov/dailymed/drugInfo.cfm?setid=450e52a9-5a6b-112f-e063-6394a90af7ca,ATTITUDE SUNLY MINERAL SUNSCREEN STICK SPF 50 UNSCENTED (ZINC OXIDE) STICK [9055-7588 QU&EACUTE;BEC INC.DBA ATTITUDE],https://dailymed.nlm.nih.gov/dailymed/drugInfo.cfm?setid=43f43c5a-2680-f549-e063-6394a90aade3,yes
ATTITUDE SUNLY BABY MINERAL SUNSCREEN FACE STICK SPF 50 UNSCENTED (ZINC OXIDE) STICK [9055-7588 QU&EACUTE;BEC INC.DBA ATTITUDE],https://dailymed.nlm.nih.gov/dailymed/drugInfo.cfm?setid=450e52a9-5a6b-112f-e063-6394a90af7ca,ATTITUDE SUNLY MINERAL SUNSCREEN FACE STICK SPF 50 UNSCENTED (ZINC OXIDE) STICK [9055-7588 QU&EACUTE;BEC INC.DBA ATTITUDE],https://dailymed.nlm.nih.gov/dailymed/drugInfo.cfm?setid=44acf513-ffe6-888c-e063-6394a90a9c5c,yes
ATTITUDE SUNLY BABY MINERAL SUNSCREEN SPF 50 UNSCENTED (ZINC OXIDE) CREAM [9055-7588 QU&EACUTE;BEC INC.DBA ATTITUDE],https://dailymed.nlm.nih.gov/dailymed/drugInfo.cfm?setid=44aba591-04da-fe09-e063-6394a90a912a,ATTITUDE SUNLY MINERAL SUNSCREEN SPF 50 UNSCENTED (ZINC OXIDE) CREAM [9055-7588 QU&EACUTE;BEC INC.DBA ATTITUDE],https://dailymed.nlm.nih.gov/dailymed/drugInfo.cfm?setid=44aaa3c8-ccc4-ae93-e063-6394a90aedc5,yes
ATTITUDE SUNLY BABY MINERAL SUNSCREEN SPRAYER SPF 50 UNSCENTED (ZINC OXIDE) SPRAY [9055-7588 QU&EACUTE;BEC INC.DBA ATTITUDE],https://dailymed.nlm.nih.gov/dailymed/drugInfo.cfm?setid=44a94a24-e292-41e6-e063-6394a90abe47,ATTITUDE SUNLY MINERAL SUNSCREEN SPRAYER SPF 50 UNSCENTED (ZINC OXIDE) SPRAY [9055-7588 QU&EACUTE;BEC INC.DBA ATTITUDE],https://dailymed.nlm.nih.gov/dailymed/drugInfo.cfm?setid=4499bcda-f0ba-878e-e063-6394a90a5fc0,yes
AVEENO BABY CONTINUOUS PROTECTION SENSITIVE SKIN SUNSCREEN BROAD SPECTRUM SPF 50 (ZINC OXIDE) STICK [KENVUE BRANDS LLC],https://dailymed.nlm.nih.gov/dailymed/drugInfo.cfm?setid=17a7492b-5243-48c4-b808-5e9899db7530,NEUTROGENA PURE AND FREE SUNSCREEN BROAD SPECTRUM SPF 50 (ZINC OXIDE) STICK [KENVUE BRANDS LLC],https://dailymed.nlm.nih.gov/dailymed/drugInfo.cfm?setid=41ff1a98-69ff-4d7a-bc89-d986a803cee3,yes
"BANANA BABY (TITANIUM DIOXIDE,ZINC OXIDE) LOTION [EDGEWELL PERSONAL CARE BRANDS LLC]",https://dailymed.nlm.nih.gov/dailymed/drugInfo.cfm?setid=5c3ea09e-8bf0-7873-e063-6294a90a3fd3,"BANANA BOAT (TITANIUM DIOXIDE,ZINC OXIDE) LOTION [EDGEWELL PERSONAL CARE BRANDS LLC]",https://dailymed.nlm.nih.gov/dailymed/drugInfo.cfm?setid=5b9a32ab-4ab7-475d-e063-6294a90a49ba,yes
"BANANA BOAT KIDS PROTECT AND PLAY SPF 50 (AVOBENZONE AND OCTOCRYLENE AND OXYBENZONE) SPRAY [ACCRA-PAC, INC.]",https://dailymed.nlm.nih.gov/dailymed/drugInfo.cfm?setid=caf72244-e9ec-4a53-b7ff-232834a12a87,"BANANA BOAT ULTRA DEFENSE SHEER PROTECT SPF 50 (AVOBENZONE AND OCTOCRYLENE AND OXYBENZONE) SPRAY [ACCRA-PAC, INC.]",https://dailymed.nlm.nih.gov/dailymed/drugInfo.cfm?setid=a84fa20b-3e1d-45de-8f6d-858738319cb2,yes
"BANANA BOAT KIDS PROTECT AND PLAY SPF 50 (AVOBENZONE AND OCTOCRYLENE AND OXYBENZONE) SPRAY [ACCRA-PAC, INC.]",https://dailymed.nlm.nih.gov/dailymed/drugInfo.cfm?setid=caf72244-e9ec-4a53-b7ff-232834a12a87,"BANANA BOAT SPORT SPF 50 (AVOBENZONE AND OCTOCRYLENE AND OXYBENZONE) SPRAY [ACCRA-PAC, INC.]",https://dailymed.nlm.nih.gov/dailymed/drugInfo.cfm?setid=c35a164e-9e86-45a4-b156-0776f688c679,yes
"BANANA BOAT KIDS PROTECT AND PLAY SPF 85 (AVOBENZONE AND HOMOSALATE AND OCTOCRYLENE AND OXYBENZONE) SPRAY [ACCRA-PAC, INC.]",https://dailymed.nlm.nih.gov/dailymed/drugInfo.cfm?setid=5a1bf0be-2a9f-409a-b91e-31ee02913430,"BANANA BOAT ULTRA DEFENSE SPF 85 (AVOBENZONE AND HOMOSALATE AND OCTOCRYLENE AND OXYBENZONE) SPRAY [ACCRA-PAC, INC.]",https://dailymed.nlm.nih.gov/dailymed/drugInfo.cfm?setid=0d208fbd-ceef-4e9d-a54f-38f8b640113f,yes
"BANANA BOAT KIDS PROTECT AND PLAY SPF 85 (AVOBENZONE AND HOMOSALATE AND OCTOCRYLENE AND OXYBENZONE) SPRAY [ACCRA-PAC, INC.]",https://dailymed.nlm.nih.gov/dailymed/drugInfo.cfm?setid=5a1bf0be-2a9f-409a-b91e-31ee02913430,"BANANA BOAT SPORT PERFORMANCE SPF 85 (AVOBENZONE AND HOMOSALATE AND OCTOCRYLENE AND OXYBENZONE) SPRAY [ACCRA-PAC, INC.]",https://dailymed.nlm.nih.gov/dailymed/drugInfo.cfm?setid=eec6247e-bf27-42f3-9f0f-c123f829ad26,yes
"BANANA BOAT KIDS SPORT SUNSCREEN ROLL-ON UVA/UVB BROAD SPECTRUM SPF 60 PLUS (AVOBENZONE,HOMOSALATE,OCTISALATE,OCTOCRYLENE) LOTION [EDGEWELL PERSONAL CARE BRANDS LLC]",https://dailymed.nlm.nih.gov/dailymed/drugInfo.cfm?setid=c7563a84-f622-dad6-e053-2a95a90aa8d9,"BANANA BOAT (AVOBENZONE,HOMOSALATE,OCTISALATE,OCTOCRYLENE) LOTION [EDGEWELL PERSONAL CARE BRANDS LLC]",https://dailymed.nlm.nih.gov/dailymed/drugInfo.cfm?setid=551baf59-39b8-e994-e063-6294a90a65e6,yes
"BULL FROG KIDS MIST 50 (AVOBENZONE, HOMOSALATE, OCTISALATE, OXYBENZONE, OCTOCRYLENE) SPRAY [SUN & SKIN CARE RESEARCH, LLC]",https://dailymed.nlm.nih.gov/dailymed/drugInfo.cfm?setid=81c929b7-f925-4498-889d-3b26ff2e05bf,"BULL FROG MARATHON MIST 50 (AVOBENZONE, HOMOSALATE, OCTISALATE, OXYBENZONE, OCTOCRYLENE) SPRAY [SUN & SKIN CARE RESEARCH, LLC]",https://dailymed.nlm.nih.gov/dailymed/drugInfo.cfm?setid=29859ac3-8d5a-4de2-ae0d-3315bd837e44,yes
"COTZ BABY (ZINC OXIDE) CREAM [FALLIEN COSMECEUTICALS, LTD]",https://dailymed.nlm.nih.gov/dailymed/drugInfo.cfm?setid=17cc12c7-5af8-413f-b205-31ac150583e2,"SAFEGUARD SPF 40 (ZINC OXIDE) CREAM [SKINSALVATION SKINCARE, INC.]",https://dailymed.nlm.nih.gov/dailymed/drugInfo.cfm?setid=4730721b-6148-4a80-a749-13c4febf2e38,no
"COTZ BABY (ZINC OXIDE) CREAM [FALLIEN COSMECEUTICALS, LTD]",https://dailymed.nlm.nih.gov/dailymed/drugInfo.cfm?setid=17cc12c7-5af8-413f-b205-31ac150583e2,CLOVE HILL ACNE SAFE MINERAL SUNSCREEN SPF 40 (ZINC OXIDE) CREAM [CLOVE HILL LLC],https://dailymed.nlm.nih.gov/dailymed/drugInfo.cfm?setid=a06e6393-13c5-48b9-909a-3bdf7d58cad3,no
"COTZ BABY (ZINC OXIDE) CREAM [FALLIEN COSMECEUTICALS, LTD]",https://dailymed.nlm.nih.gov/dailymed/drugInfo.cfm?setid=17cc12c7-5af8-413f-b205-31ac150583e2,SHUNLY ZN20 LIGHT MOISTURIZER (ZINC OXIDE) CREAM [SHUNLY SKIN CARE LLC],https://dailymed.nlm.nih.gov/dailymed/drugInfo.cfm?setid=d5710d48-0a4b-49a6-b6b5-9a192afccd2a,no
"COTZ BABY (ZINC OXIDE) CREAM [FALLIEN COSMECEUTICALS, LTD]",https://dailymed.nlm.nih.gov/dailymed/drugInfo.cfm?setid=17cc12c7-5af8-413f-b205-31ac150583e2,"TIZO ULTRA ZINC SPF 40 (NON-TINTED) (ZINC OXIDE) CREAM [FALLIEN COSMECEUTICALS, LTD]",https://dailymed.nlm.nih.gov/dailymed/drugInfo.cfm?setid=e4a06973-21bb-4eda-9b74-fc23bee141ab,yes
"COTZ PEDIATRIC SPF 40 SUNSCREEN (ZINC OXIDE) LOTION [FALLIEN COSMECEUTICALS, LTD.]",https://dailymed.nlm.nih.gov/dailymed/drugInfo.cfm?setid=e6b965a9-8dab-485f-b8f1-8f7dcb453e6e,"COTZ SENSITIVE SPF 40 SUNSCREEN (ZINC OXIDE) LOTION [FALLIEN COSMECEUTICALS, LTD.]",https://dailymed.nlm.nih.gov/dailymed/drugInfo.cfm?setid=885a674b-3457-4dfe-a801-529094b00499,yes
"DERMA SOLEIL KIDS NATURAL SUNBLOCK SPF 30 (OCTOCRYLENE, OCTYL METHOXYCINNAMATE, OCTYL SALICYLATE, OXYBENZONE) LOTION [DERMA SOLEIL]",https://dailymed.nlm.nih.gov/dailymed/drugInfo.cfm?setid=5512778c-1e08-4545-e054-00144ff8d46c,"DERMA SOLEIL DRY SPORT SPF 30 (OCTOCRYLENE, OCTYL METHOXYCINNAMATE, OCTYL SALICYLATE, OXYBENZONE) LOTION [DERMA SOLEIL]",https://dailymed.nlm.nih.gov/dailymed/drugInfo.cfm?setid=55135e2c-52e8-3e36-e054-00144ff8d46c,yes
"DERMA SOLEIL KIDS NATURAL SUNBLOCK SPF 30 (OCTOCRYLENE, OCTYL METHOXYCINNAMATE, OCTYL SALICYLATE, OXYBENZONE) LOTION [DERMA SOLEIL]",https://dailymed.nlm.nih.gov/dailymed/drugInfo.cfm?setid=5512778c-1e08-4545-e054-00144ff8d46c,"DERMA SOLEIL NATURAL SUNBLOCK SPF 30 (OCTOCRYLENE, OCTYL METHOXYCINNAMATE, OCTYL SALICYLATE, OXYBENZONE) LOTION [DERMA SOLEIL]",https://dailymed.nlm.nih.gov/dailymed/drugInfo.cfm?setid=5514545e-34e0-4500-e054-00144ff88e88,yes
"DERMA SOLEIL KIDS NATURAL SUNBLOCK SPF 45 (OCTOCRYLENE, OCTYL METHOXYCINNAMATE, OCTYL SALICYLATE, OXYBENZONE) LOTION [DERMA SOLEIL]",https://dailymed.nlm.nih.gov/dailymed/drugInfo.cfm?setid=5512bc12-fe9d-1398-e054-00144ff88e88,"DESERVING HEALTH NATURAL SUNBLOCK (OCTOCRYLENE, OCTYL METHOXYCINNAMATE, OCTYL SALICYLATE, OXYBENZONE) LOTION [DESERVING HEALTH INTERNATIONAL CORP]",https://dailymed.nlm.nih.gov/dailymed/drugInfo.cfm?setid=54d641c7-d33d-4d5b-e054-00144ff88e88,no
"DERMA SOLEIL KIDS NATURAL SUNBLOCK SPF 45 (OCTOCRYLENE, OCTYL METHOXYCINNAMATE, OCTYL SALICYLATE, OXYBENZONE) LOTION [DERMA SOLEIL]",https://dailymed.nlm.nih.gov/dailymed/drugInfo.cfm?setid=5512bc12-fe9d-1398-e054-00144ff88e88,"DERMA SOLEIL NATURAL SUNBLOCK SPF 45 (OCTOCRYLENE, OCTYL METHOXYCINNAMATE, OCTYL SALICYLATE, OXYBENZONE) LOTION [DERMA SOLEIL]",https://dailymed.nlm.nih.gov/dailymed/drugInfo.cfm?setid=55140bff-58de-3ae2-e054-00144ff88e88,yes
DUANE READE BABY SUNSCREENSPF 50 SPF 50 (AVOBENZONE) LOTION [DUANE READE INC.],https://dailymed.nlm.nih.gov/dailymed/drugInfo.cfm?setid=5e017f81-9f3b-4feb-9b7a-52b3a2420b54,DUANE READE SUNSCREEN SPF 50 (AVOBENZONE) LOTION [DUANE READE INC.],https://dailymed.nlm.nih.gov/dailymed/drugInfo.cfm?setid=fa604ecb-fe79-4779-bd81-9c3e60a24dcb,yes
ECOZINC KIDS NATURAL MINERAL SUNSCREEN SPF50 (ZINC OXIDE SUNSCREEN) CREAM [VEGANIC SKN LIMITED],https://dailymed.nlm.nih.gov/dailymed/drugInfo.cfm?setid=44615ae4-8206-122d-e063-6294a90a0b2c,LOTUS HARMONY - QUINN SHIELD SUNSCREEN SPF50 (ZINC OXIDE SUNSCREEN) CREAM [VEGANIC SKN LIMITED],https://dailymed.nlm.nih.gov/dailymed/drugInfo.cfm?setid=4ae73d23-1118-716c-e063-6394a90a68c7,yes
ECOZINC KIDS NATURAL MINERAL SUNSCREEN SPF50 (ZINC OXIDE SUNSCREEN) CREAM [VEGANIC SKN LIMITED],https://dailymed.nlm.nih.gov/dailymed/drugInfo.cfm?setid=44615ae4-8206-122d-e063-6294a90a0b2c,LEKURA - ZINCDAILY NATURAL FACE SUNSCREEN SPF50 (ZINC OXIDE SUNSCREEN) CREAM [VEGANIC SKN LIMITED],https://dailymed.nlm.nih.gov/dailymed/drugInfo.cfm?setid=4c2bed23-f77b-2c97-e063-6394a90a4ca5,yes
ECOZINC KIDS NATURAL MINERAL SUNSCREEN SPF50 (ZINC OXIDE SUNSCREEN) CREAM [VEGANIC SKN LIMITED],https://dailymed.nlm.nih.gov/dailymed/drugInfo.cfm?setid=44615ae4-8206-122d-e063-6294a90a0b2c,MAMA AND HAPA S - BULK SUNSCREEN EXTRA SENSITIVE (ZINC OXIDE SUNSCREEN) CREAM [VEGANIC SKN LIMITED],https://dailymed.nlm.nih.gov/dailymed/drugInfo.cfm?setid=54e18569-2e51-366a-e063-6394a90af8ec,yes
"EQUATE KIDS SUNSCREEN BROAD SPECTRUM SPF 50 EQUATE (AVOBENZONE, HOMOSALATE, OCTISALATE, OCTOCRYLENE) LOTION [WAL-MART INC.]",https://dailymed.nlm.nih.gov/dailymed/drugInfo.cfm?setid=10631036-0fa6-b3ee-e063-6294a90af7aa,SUNSCREEN ULTRA BROAD SPECTRUM EQUATE (AVOBENZONE HOMOSALATE OCTISALATE OCTOCRYLENE) LOTION [WAL-MART STORES INC.],https://dailymed.nlm.nih.gov/dailymed/drugInfo.cfm?setid=68524d2b-284c-4a69-9b0e-8d2ad80822e2,no
"EQUATE KIDS SUNSCREEN BROAD SPECTRUM SPF 50 EQUATE (AVOBENZONE, HOMOSALATE, OCTISALATE, OCTOCRYLENE) LOTION [WAL-MART INC.]",https://dailymed.nlm.nih.gov/dailymed/drugInfo.cfm?setid=10631036-0fa6-b3ee-e063-6294a90af7aa,CVS HEALTH SPF 50 ULTRA PROTECTION (AVOBENZONE HOMOSALATE OCTISALATE OCTOCRYLENE) LOTION [CVS PHARMACY],https://dailymed.nlm.nih.gov/dailymed/drugInfo.cfm?setid=f11650bb-90a0-78a1-e053-2995a90a8e4c,no
"EQUATE KIDS SUNSCREEN BROAD SPECTRUM SPF 50 EQUATE (AVOBENZONE, HOMOSALATE, OCTISALATE, OCTOCRYLENE) LOTION [WAL-MART INC.]",https://dailymed.nlm.nih.gov/dailymed/drugInfo.cfm?setid=10631036-0fa6-b3ee-e063-6294a90af7aa,"FRUIT OF THE EARTH LUV THAT SUN SPORT SUNSCREEN ULTRA SPF 50 (AVOBENZONE, HOMOSALATE, OCTISALATE, OCTOCRYLENE) LOTION [FRUIT OF THE EARTH, INC.]",https://dailymed.nlm.nih.gov/dailymed/drugInfo.cfm?setid=fd687b34-e4c6-0458-e053-6394a90ac064,no
"EQUATE SUNSCREEN KIDS SPF50 BROAD SPECTRUM (AVOBENZONE, HOMOSALATE, OCTISALATE, OCTOCRYLENE) SPRAY [WAL-MART STORES INC]",https://dailymed.nlm.nih.gov/dailymed/drugInfo.cfm?setid=17e9bcaa-77b5-45da-ab77-5563070e0af2,"TOPCARE EVERYDAY CONTINUOUS BROAD SPECTRUM SPF 50 (AVOBENZONE, HOMOSALATE, OCTISALATE, OCTOCRYLENE) SPRAY [TOPCO ASSOCIATES LLC]",https://dailymed.nlm.nih.gov/dailymed/drugInfo.cfm?setid=c8c12a5a-59f5-6515-e053-2995a90a58f7,no
"EQUATE SUNSCREEN KIDS SPF50 BROAD SPECTRUM (AVOBENZONE, HOMOSALATE, OCTISALATE, OCTOCRYLENE) SPRAY [WAL-MART STORES INC]",https://dailymed.nlm.nih.gov/dailymed/drugInfo.cfm?setid=17e9bcaa-77b5-45da-ab77-5563070e0af2,"BIG LOTS SOUNDBODY SPF 50 SPORT SUNSCREEN (AVOBENZONE, HOMOSALATE, OCTISALATE, OCTOCRYLENE) SPRAY [BIG LOTS STORES, INC.]",https://dailymed.nlm.nih.gov/dailymed/drugInfo.cfm?setid=c8c1c904-12f5-48e0-e053-2a95a90a9f75,no
"FRUIT OF THE EARTH SUN TOWN CITY BABY SPF 50 SUNSCREEN (AVOBENZONE, HOMOSALATE, OCTISALATE, OCTOCRYLENE) STICK [FRUIT OF THE EARTH, INC.]",https://dailymed.nlm.nih.gov/dailymed/drugInfo.cfm?setid=c7bdd7a3-2e88-d881-e053-2a95a90a2ef9,"FRUIT OF THE EARTH SUN TOWN CITY SPF 50 SUNSCREEN (AVOBENZONE, HOMOSALATE, OCTISALATE, OCTOCRYLENE) STICK [FRUIT OF THE EARTH, INC.]",https://dailymed.nlm.nih.gov/dailymed/drugInfo.cfm?setid=c7bbad46-5c52-9f1d-e053-2995a90ae139,yes
HELLO BELLO KIDS MINERAL SUNSCREEN (ZINC OXIDE TITANIUM OXIDE) LOTION [HELLO BELLO],https://dailymed.nlm.nih.gov/dailymed/drugInfo.cfm?setid=3e7a3e8e-eacf-0a30-e063-6294a90ab7ec,ZINC OXIDE TITANIUM OXIDE LOTION [HELLO BELLO],https://dailymed.nlm.nih.gov/dailymed/drugInfo.cfm?setid=3e66c234-a152-098e-e063-6394a90ab540,yes
HELLO BELLO KIDS MINERAL SUNSCREEN (ZINC OXIDE TITANIUM OXIDE) LOTION [HELLO BELLO],https://dailymed.nlm.nih.gov/dailymed/drugInfo.cfm?setid=3e7a3e8e-eacf-0a30-e063-6294a90ab7ec,ZINC OXIDE TITANIUM OXIDE LOTION [HELLO BELLO],https://dailymed.nlm.nih.gov/dailymed/drugInfo.cfm?setid=3e89d30e-b6cd-fabe-e063-6294a90a30ff,yes
KIDS SPF 50 (AVOBENZONE 3% HOMOSALATE 10% OCTISALATE 5% OCTOCRYLENE 4% OXYBENZONE 5%) SPRAY [TOPCARE],https://dailymed.nlm.nih.gov/dailymed/drugInfo.cfm?setid=298b2aa5-de4a-4507-a304-6e63dbb957f9,SPORT SPF 50 DAYLOGIC (AVOBENZONE 3% HOMOSALATE 10% OCTISALATE 5% OCTOCRYLENE 4% OXYBENZONE 5%) SPRAY [RITE AID],https://dailymed.nlm.nih.gov/dailymed/drugInfo.cfm?setid=4c1af3af-2d68-408d-8cd8-a59371d204f5,no
KIDS SPF 50 (AVOBENZONE 3% HOMOSALATE 10% OCTISALATE 5% OCTOCRYLENE 4% OXYBENZONE 5%) SPRAY [TOPCARE],https://dailymed.nlm.nih.gov/dailymed/drugInfo.cfm?setid=298b2aa5-de4a-4507-a304-6e63dbb957f9,SPORT SUNSCREEN SPF 50 (AVOBENZONE 3% HOMOSALATE 10% OCTISALATE 5% OCTOCRYLENE 4% OXYBENZONE 5%) SPRAY [TOPCARE],https://dailymed.nlm.nih.gov/dailymed/drugInfo.cfm?setid=529d119d-6c90-4578-8194-20630925debe,yes
KIDS SUNSCREEN SPF 50 (AVOBENZONE 3.0% HOMOSALATE 15.0% OCTISALATE 5.0% OCTOCRYLENE 10.0%) SPRAY [WEGMAN],https://dailymed.nlm.nih.gov/dailymed/drugInfo.cfm?setid=0c596b1d-8c23-4598-8b6f-95e1679069b9,SPORT SUNSCREEN SPF 50 (AVOBENZONE 3.0% HOMOSALATE 15.0% OCTISALATE 5.0% OCTOCRYLENE 10.0%) SPRAY [WEGMAN],https://dailymed.nlm.nih.gov/dailymed/drugInfo.cfm?setid=a3eb24e1-ecc7-40ab-98c0-a2dfb6aaece9,yes
KIDSBLISS BABY AND KIDS MINERAL SUNSCREEN SPF50 (ZINC OXIDE) CREAM [VEGANICSKN],https://dailymed.nlm.nih.gov/dailymed/drugInfo.cfm?setid=2dfa236f-128b-17bb-e063-6294a90aa29c,BAREBACK SUNSCREEN SPF50 INFUSED WITH HYALURONIC ACID AND VITAMIN C (ZINC OXIDE) CREAM [VEGANICSKN],https://dailymed.nlm.nih.gov/dailymed/drugInfo.cfm?setid=3123aab6-0407-19e5-e063-6394a90a5bd8,yes
KIDSTICK MINERAL BROAD SPECTRUM SPF 40 SUNSCREEN UVA-UVB SUNSCREEN (TITANIUM DIOXIDE AND ZINC OXIDE) STICK [MDSOLARSCIENCES],https://dailymed.nlm.nih.gov/dailymed/drugInfo.cfm?setid=9a81efaf-9765-4991-81a4-706d204545b3,MINERAL SUNSCREEN BROAD SPECTRUM SPF 40 SUNSCREEN UVA-UVB SUNSCREEN (TITANIUM DIOXIDE AND ZINC OXIDE) STICK [MDSOLARSCIENCES],https://dailymed.nlm.nih.gov/dailymed/drugInfo.cfm?setid=bce5be25-a7f8-4cea-a6a9-c2e9ac5dad6a,yes
"KINESYS BROAD SPECTRUM SPF 30 KIDS ALCOHOL-FREE SUNSCREEN (OCTINOXATE, OCTOCRYLENE, OCTISALATE, AND AVOBENZONE) SPRAY [WILC HEALTHCARE INC]",https://dailymed.nlm.nih.gov/dailymed/drugInfo.cfm?setid=9adea1a4-efa6-4fe1-85e8-ed69fa098a87,"KINESYS BROAD SPECTRUM SPF 30 GIRL ALCOHOL-FREE SUNSCREEN (OCTINOXATE, OCTOCRYLENE, OCTISALATE, AND AVOBENZONE) SPRAY [WILC HEALTHCARE INC]",https://dailymed.nlm.nih.gov/dailymed/drugInfo.cfm?setid=3f42f0b8-dbd0-424e-bfe6-587391716101,yes
"KINESYS BROAD SPECTRUM SPF 30 KIDS ALCOHOL-FREE SUNSCREEN (OCTINOXATE, OCTOCRYLENE, OCTISALATE, AND AVOBENZONE) SPRAY [WILC HEALTHCARE INC]",https://dailymed.nlm.nih.gov/dailymed/drugInfo.cfm?setid=9adea1a4-efa6-4fe1-85e8-ed69fa098a87,"KINESYS (OCTINOXATE, OCTOCRYLENE, OCTISALATE, AND AVOBENZONE) SPRAY [WILC HEALTHCARE INC]",https://dailymed.nlm.nih.gov/dailymed/drugInfo.cfm?setid=50adf1db-118f-4843-b356-e23993160673,yes
"KINESYS BROAD SPECTRUM SPF 30 KIDS ALCOHOL-FREE SUNSCREEN (OCTINOXATE, OCTOCRYLENE, OCTISALATE, AND AVOBENZONE) SPRAY [WILC HEALTHCARE INC]",https://dailymed.nlm.nih.gov/dailymed/drugInfo.cfm?setid=9adea1a4-efa6-4fe1-85e8-ed69fa098a87,"KINESYS BROAD SPECTRUM SPF 30 ALCOHOL-FREE SUNSCREEN - MANGO SCENT (OCTINOXATE, OCTOCRYLENE, OCTISALATE, AND AVOBENZONE) SPRAY [WILC HEALTHCARE INC]",https://dailymed.nlm.nih.gov/dailymed/drugInfo.cfm?setid=60e7ed8e-f421-4e08-97a8-af647200e4ae,yes
"KINESYS BROAD SPECTRUM SPF 30 KIDS ALCOHOL-FREE SUNSCREEN (OCTINOXATE, OCTOCRYLENE, OCTISALATE, AND AVOBENZONE) SPRAY [WILC HEALTHCARE INC]",https://dailymed.nlm.nih.gov/dailymed/drugInfo.cfm?setid=9adea1a4-efa6-4fe1-85e8-ed69fa098a87,"KINESYS BROAD SPECTRUM SPF 30 ALCOHOL-FREE PERFORMANCE SUNSCREEN - FRAGRANCE FREE (OCTINOXATE, OCTOCRYLENE, OCTISALATE, AND AVOBENZONE) SPRAY [WILC HEALTHCARE INC]",https://dailymed.nlm.nih.gov/dailymed/drugInfo.cfm?setid=e0949325-7de1-4da4-82b6-8004916412a0,yes
"KISS MY FACE KIDS 30 MINERAL SUNSCREEN (TITANIUM DIOXIDE) SPRAY [WINDMILL HEALTH PRODUCTS, LLC]",https://dailymed.nlm.nih.gov/dailymed/drugInfo.cfm?setid=f843ddfe-1a5f-4b9d-bf2f-378187c1f6ec,"KISS MY FACE BARE NAKED 30 MINERAL SUNSCREEN (TITANIUM DIOXIDE) SPRAY [WINDMILL HEALTH PRODUCTS, LLC]",https://dailymed.nlm.nih.gov/dailymed/drugInfo.cfm?setid=42421715-6e2d-49a0-82d1-4eaba99ca55f,yes
"KISS MY FACE KIDS 30 MINERAL SUNSCREEN (TITANIUM DIOXIDE) SPRAY [WINDMILL HEALTH PRODUCTS, LLC]",https://dailymed.nlm.nih.gov/dailymed/drugInfo.cfm?setid=f843ddfe-1a5f-4b9d-bf2f-378187c1f6ec,"KISS MY FACE COOL SPORT 30 MINERAL SUNSCREEN (TITANIUM DIOXIDE) SPRAY [WINDMILL HEALTH PRODUCTS, LLC]",https://dailymed.nlm.nih.gov/dailymed/drugInfo.cfm?setid=57989817-ddc9-4ccd-ba74-ea04d4e3dd7a,yes
KROGER BABY SUNSCREEN SPF 70 (AVOBENZONE HOMOSALATE OCTISALATE OCTOCRYLENE OXYBENZONE) LOTION [THE KROGER CO],https://dailymed.nlm.nih.gov/dailymed/drugInfo.cfm?setid=01a50047-0d07-41c5-b35b-129aab5b4afd,RITE AID SUNSCREEN (AVOBENZONE HOMOSALATE OCTISALATE OCTOCRYLENE OXYBENZONE) LOTION [RITE AID CORPORATION],https://dailymed.nlm.nih.gov/dailymed/drugInfo.cfm?setid=812d3c39-91fe-45a5-960f-7ae3e98a2943,no
"KROGER KIDS SPF 50 SUNSTICK (AVOBENZONE, HOMOSALATE, OCTINOXATE, OCTISALATE, OCTOCRYLENE, OXYBENZONE) STICK [KROGER]",https://dailymed.nlm.nih.gov/dailymed/drugInfo.cfm?setid=ca9df950-d581-4bad-9431-aff5f00bdc98,"KROGER SPORT SPF 50 SUNSTICK (AVOBENZONE, HOMOSALATE, OCTINOXATE, OCTISALATE, OCTOCRYLENE, OXYBENZONE) STICK [KROGER]",https://dailymed.nlm.nih.gov/dailymed/drugInfo.cfm?setid=307b1b1c-8277-4883-9ff3-d77d9f67b1f7,yes
MINERAL KIDSTICK SPF 40 MINERAL BROAD SPECTRUM SPF 40 SUNSCREEN UVA-UVB SUNCREEN (TITANIUM DIOXIDE AND ZINC OXIDE) STICK [MDSOLARSCIENCES],https://dailymed.nlm.nih.gov/dailymed/drugInfo.cfm?setid=4c7f0257-fa12-40d6-9516-824b0e3a182c,SOLAR SPF 40 BROAD SPECTRUM SPF 40 WATER RESISTANT (80 MIN) MINERAL SUNCREEN (TITANIUM DIOXIDE AND ZINC OXIDE) STICK [MDSOLARSCIENCES],https://dailymed.nlm.nih.gov/dailymed/drugInfo.cfm?setid=6ce602bb-c1f4-43c1-ae61-0f05d7952db3,yes
MINERAL KIDSTICK SPF 40 MINERAL BROAD SPECTRUM SPF 40 SUNSCREEN UVA-UVB SUNCREEN (TITANIUM DIOXIDE AND ZINC OXIDE) STICK [MDSOLARSCIENCES],https://dailymed.nlm.nih.gov/dailymed/drugInfo.cfm?setid=4c7f0257-fa12-40d6-9516-824b0e3a182c,SOLAR STICK TINTED SPF 40 TINTED BROAD SPECTRUM SPF 40 WATER RESISTANT (80 MIN) MINERAL SUNCREEN (TITANIUM DIOXIDE AND ZINC OXIDE) STICK [MDSOLARSCIENCES],https://dailymed.nlm.nih.gov/dailymed/drugInfo.cfm?setid=b8f08778-7e5e-4341-9a24-1ce57c6525c7,yes
"NO-AD KIDS 50 SUNSCREEN (AVOBENZONE, HOMOSALATE, OCTISALATE, OXYBENZONE) LOTION [SUN & SKIN CARE RESEARCH, LLC]",https://dailymed.nlm.nih.gov/dailymed/drugInfo.cfm?setid=2b443e72-9011-4ea0-8834-a2c11552aec0,"NO-AD 45 SUNSCREEN (AVOBENZONE, HOMOSALATE, OCTISALATE, OXYBENZONE) LOTION [SUN & SKIN CARE RESEARCH, LLC]",https://dailymed.nlm.nih.gov/dailymed/drugInfo.cfm?setid=376de18e-458c-482d-abb3-563f0979ac9a,yes
"NO-AD KIDS 50 SUNSCREEN (AVOBENZONE, HOMOSALATE, OCTISALATE, OXYBENZONE) LOTION [SUN & SKIN CARE RESEARCH, LLC]",https://dailymed.nlm.nih.gov/dailymed/drugInfo.cfm?setid=2b443e72-9011-4ea0-8834-a2c11552aec0,"NO-AD SPORT 50 SUNSCREEN (AVOBENZONE, HOMOSALATE, OCTISALATE, OXYBENZONE) LOTION [SUN & SKIN CARE RESEARCH, LLC]",https://dailymed.nlm.nih.gov/dailymed/drugInfo.cfm?setid=6f2611db-1a9a-45ba-afba-1b57daaf35b7,yes
"OCEAN POTION INSTANT DRY 50 MIST KIDS SUNSCREEN (AVOBENZONE, HOMOSALATE, OCTISALATE, OCTOCRYLENE) SPRAY [SUN & SKIN CARE RESEARCH, LLC]",https://dailymed.nlm.nih.gov/dailymed/drugInfo.cfm?setid=382247c7-77c0-488b-ad98-be15e153c85b,"OCEAN POTION INSTANT DRY 50 MIST SUNSCREEN (AVOBENZONE, HOMOSALATE, OCTISALATE, OCTOCRYLENE) SPRAY [SUN & SKIN CARE RESEARCH, LLC]",https://dailymed.nlm.nih.gov/dailymed/drugInfo.cfm?setid=f2eb1057-1a21-4d7c-a427-9ba66f1e5873,yes
"OCEAN POTION QUICK DRY KIDS 50 SUNSCREEN (AVOBENZONE, HOMOSALATE, OCTISALATE, OCTOCRYLENE) LOTION [SUN & SKIN CARE RESEARCH, INC]",https://dailymed.nlm.nih.gov/dailymed/drugInfo.cfm?setid=88706da6-b1d4-4256-9852-7d39349d56d7,"OCEAN POTION WATER SPORT SPF50 SUNSCREEN (AVOBENZONE, HOMOSALATE, OCTISALATE, OCTOCRYLENE) LOTION [SUN & SKIN CARE RESEARCH, INC]",https://dailymed.nlm.nih.gov/dailymed/drugInfo.cfm?setid=78b47f05-7771-492b-af5f-e74fa57b6587,yes
"PARROT HEAD PARAKEET KIDS 50 MIST SUNSCREEN (AVOBENZONE, HOMOSALATE, OCTISALATE, OCTOCRYLENE) SPRAY [SUN & SKIN CARE RESEARCH, LLC]",https://dailymed.nlm.nih.gov/dailymed/drugInfo.cfm?setid=2d33112e-7c23-46a9-bb64-a5c3bd9bfb59,"PARROT HEAD FINS UP 50 MIST SUNSCREEN (AVOBENZONE, HOMOSALATE, OCTISALATE, OCTOCRYLENE) SPRAY [SUN & SKIN CARE RESEARCH, LLC]",https://dailymed.nlm.nih.gov/dailymed/drugInfo.cfm?setid=5184861c-af47-4784-91d6-320fce4b4667,yes
"PETER ISLAND CONTINOUS SUNSCREEN KIDS SPF 50 (OXYBENZONE, AVOBENZONE, OCTOCRYLENE) SPRAY [ACCESS BUSINESS GROUP LLC]",https://dailymed.nlm.nih.gov/dailymed/drugInfo.cfm?setid=2db243d3-3b59-4be9-967c-0d4aea4d0066,"PETER ISLAND CONTINOUS SUNSCREEN SPF 50 (OXYBENZONE, AVOBENZONE, OCTOCRYLENE) SPRAY [ACCESS BUSINESS GROUP LLC]",https://dailymed.nlm.nih.gov/dailymed/drugInfo.cfm?setid=9721a3ef-0571-44ba-b58d-e510a02d4de9,yes
REEF SAFE - BABY ZINC SUNSCREEN SPF50 (ZINC OXIDE SUNSCREEN) CREAM [VEGANIC SKN LIMITED],https://dailymed.nlm.nih.gov/dailymed/drugInfo.cfm?setid=385f320c-9144-78b8-e063-6394a90a2e9d,KOOBARRA MINERAL FACE SUNSCREEN SPF 50 (ZINC OXIDE SUNSCREEN) CREAM [VEGANIC SKN LIMITED],https://dailymed.nlm.nih.gov/dailymed/drugInfo.cfm?setid=37cf8143-99f2-cca5-e063-6394a90a19a8,yes
REEF SAFE - BABY ZINC SUNSCREEN SPF50 (ZINC OXIDE SUNSCREEN) CREAM [VEGANIC SKN LIMITED],https://dailymed.nlm.nih.gov/dailymed/drugInfo.cfm?setid=385f320c-9144-78b8-e063-6394a90a2e9d,REEF SAFE - HYDRATING SUNSCREEN SPF50 (ZINC OXIDE SUNSCREEN) CREAM [VEGANIC SKN LIMITED],https://dailymed.nlm.nih.gov/dailymed/drugInfo.cfm?setid=385e8966-963d-0814-e063-6394a90a06e3,yes
REEF SAFE - BABY ZINC SUNSCREEN SPF50 (ZINC OXIDE SUNSCREEN) CREAM [VEGANIC SKN LIMITED],https://dailymed.nlm.nih.gov/dailymed/drugInfo.cfm?setid=385f320c-9144-78b8-e063-6394a90a2e9d,REEF SAFE - VITAMIN C SUNSCREEN SPF50 (ZINC OXIDE SUNSCREEN) CREAM [VEGANIC SKN LIMITED],https://dailymed.nlm.nih.gov/dailymed/drugInfo.cfm?setid=385f0763-74e9-3a71-e063-6394a90a46fb,yes
REEF SAFE - BABY ZINC SUNSCREEN SPF50 (ZINC OXIDE SUNSCREEN) CREAM [VEGANIC SKN LIMITED],https://dailymed.nlm.nih.gov/dailymed/drugInfo.cfm?setid=385f320c-9144-78b8-e063-6394a90a2e9d,REEF SAFE - ACNE-PRONE SUNSCREEN SPF50 (ZINC OXIDE SUNSCREEN) CREAM [VEGANIC SKN LIMITED],https://dailymed.nlm.nih.gov/dailymed/drugInfo.cfm?setid=385f079c-5730-5111-e063-6394a90af2d8,yes
REEF SAFE - BABY ZINC SUNSCREEN SPF50 (ZINC OXIDE SUNSCREEN) CREAM [VEGANIC SKN LIMITED],https://dailymed.nlm.nih.gov/dailymed/drugInfo.cfm?setid=385f320c-9144-78b8-e063-6394a90a2e9d,REEF SAFE - ZINC FACE SUNSCREEN SPF50 (ZINC OXIDE SUNSCREEN) CREAM [VEGANIC SKN LIMITED],https://dailymed.nlm.nih.gov/dailymed/drugInfo.cfm?setid=385f0f79-016f-71a7-e063-6394a90a9286,yes
REEF SAFE - BABY ZINC SUNSCREEN SPF50 (ZINC OXIDE SUNSCREEN) CREAM [VEGANIC SKN LIMITED],https://dailymed.nlm.nih.gov/dailymed/drugInfo.cfm?setid=385f320c-9144-78b8-e063-6394a90a2e9d,"LES DUETS - SHIELD OF HELIOS, SUNSCREEN SPF50 (ZINC OXIDE SUNSCREEN) CREAM [VEGANIC SKN LIMITED]",https://dailymed.nlm.nih.gov/dailymed/drugInfo.cfm?setid=385f75a5-6a3b-a129-e063-6394a90a52a0,yes
REEF SAFE - BABY ZINC SUNSCREEN SPF50 (ZINC OXIDE SUNSCREEN) CREAM [VEGANIC SKN LIMITED],https://dailymed.nlm.nih.gov/dailymed/drugInfo.cfm?setid=385f320c-9144-78b8-e063-6394a90a2e9d,REEF SAFE - ZINC SPORT SUNSCREEN SPF50 (ZINC OXIDE SUNSCREEN) CREAM [VEGANIC SKN LIMITED],https://dailymed.nlm.nih.gov/dailymed/drugInfo.cfm?setid=385ff227-1656-960a-e063-6294a90a913c,yes
REEF SAFE - BABY ZINC SUNSCREEN SPF50 (ZINC OXIDE SUNSCREEN) CREAM [VEGANIC SKN LIMITED],https://dailymed.nlm.nih.gov/dailymed/drugInfo.cfm?setid=385f320c-9144-78b8-e063-6394a90a2e9d,REEFSUN SUNSCREEN SPF50 (ZINC OXIDE SUNSCREEN) CREAM [VEGANIC SKN LIMITED],https://dailymed.nlm.nih.gov/dailymed/drugInfo.cfm?setid=386ec055-4ae7-9d2d-e063-6394a90a83c0,yes
REEF SAFE - BABY ZINC SUNSCREEN SPF50 (ZINC OXIDE SUNSCREEN) CREAM [VEGANIC SKN LIMITED],https://dailymed.nlm.nih.gov/dailymed/drugInfo.cfm?setid=385f320c-9144-78b8-e063-6394a90a2e9d,THERMASUN SPF50 MINERAL ZINC FACIAL SUNSCREEN (ZINC OXIDE SUNSCREEN) CREAM [VEGANIC SKN LIMITED],https://dailymed.nlm.nih.gov/dailymed/drugInfo.cfm?setid=386ecba0-2f7f-9178-e063-6394a90a44c4,yes
REEF SAFE - BABY ZINC SUNSCREEN SPF50 (ZINC OXIDE SUNSCREEN) CREAM [VEGANIC SKN LIMITED],https://dailymed.nlm.nih.gov/dailymed/drugInfo.cfm?setid=385f320c-9144-78b8-e063-6394a90a2e9d,BINDA VITAMIN C AND HYALURONIC ACID SUNSCREEN SPF50 (ZINC OXIDE SUNSCREEN) CREAM [VEGANIC SKN LIMITED],https://dailymed.nlm.nih.gov/dailymed/drugInfo.cfm?setid=38bff6d0-5690-3ee5-e063-6294a90a9faa,yes
REEF SAFE - BABY ZINC SUNSCREEN SPF50 (ZINC OXIDE SUNSCREEN) CREAM [VEGANIC SKN LIMITED],https://dailymed.nlm.nih.gov/dailymed/drugInfo.cfm?setid=385f320c-9144-78b8-e063-6394a90a2e9d,OZE SUN REEF SAFE SUNSCREEN SPF50 (ZINC OXIDE SUNSCREEN) CREAM [VEGANIC SKN LIMITED],https://dailymed.nlm.nih.gov/dailymed/drugInfo.cfm?setid=41dd936b-0ea6-03a2-e063-6394a90a4fba,yes
REEF SAFE - BABY ZINC SUNSCREEN SPF50 (ZINC OXIDE SUNSCREEN) CREAM [VEGANIC SKN LIMITED],https://dailymed.nlm.nih.gov/dailymed/drugInfo.cfm?setid=385f320c-9144-78b8-e063-6394a90a2e9d,SOODOX NATURAL MINERAL SUNSCREEN SPF50 - 7 YEARS TO ADULT (ZINC OXIDE SUNSCREEN) CREAM [VEGANIC SKN LIMITED],https://dailymed.nlm.nih.gov/dailymed/drugInfo.cfm?setid=41de09dc-544f-9780-e063-6394a90acd27,yes
REEF SAFE - BABY ZINC SUNSCREEN SPF50 (ZINC OXIDE SUNSCREEN) CREAM [VEGANIC SKN LIMITED],https://dailymed.nlm.nih.gov/dailymed/drugInfo.cfm?setid=385f320c-9144-78b8-e063-6394a90a2e9d,OZE SUN BONDI (ZINC OXIDE SUNSCREEN) CREAM [VEGANIC SKN LIMITED],https://dailymed.nlm.nih.gov/dailymed/drugInfo.cfm?setid=47b1aae6-0b86-7d48-e063-6294a90a9ece,yes
RITE AID BABY SUNSCREEN (AVOBENZONE HOMOSALATE OCTISALATE OCTOCRYLENE OXYBENZONE) LOTION [RITE AID CORPORATION],https://dailymed.nlm.nih.gov/dailymed/drugInfo.cfm?setid=08e31964-612b-48fb-b3a8-77922aa1c7b8,WALGREENS SUNSCREEN SPF 50 (AVOBENZONE HOMOSALATE OCTISALATE OCTOCRYLENE OXYBENZONE) LOTION [WALGREEN CO.],https://dailymed.nlm.nih.gov/dailymed/drugInfo.cfm?setid=65b1a431-bb64-430c-bb6b-4b6b3cb445bf,no
RITE AID RENEWAL BABY SUNSCREEN SPF 60 (TITANIUM DIOXIDE ZINC OXIDE) LOTION [RITE AID CORPORATION],https://dailymed.nlm.nih.gov/dailymed/drugInfo.cfm?setid=416b804d-bebf-4c5c-9990-4e830dd37153,PETER ISLAND NATURAL MINERALSPF 60 SPF 60 (TITANIUM DIOXIDE ZINC OXIDE) LOTION [ACCESS BUSINESS GROUP LLC],https://dailymed.nlm.nih.gov/dailymed/drugInfo.cfm?setid=6a42a670-f222-483c-a600-06e04957402f,no
RITE AID RENEWAL KIDS SPF 50 (AVOBENZONE HOMOSALATE OCTISALATE OCTOCRYLENE OXYBENZONE) LOTION [RITE AID CORPORATION],https://dailymed.nlm.nih.gov/dailymed/drugInfo.cfm?setid=04d0a26b-5004-435c-81ba-87847c1dd2d9,RITE AID RENEWAL ESSENTIAL DEFENSE SPF 50 (AVOBENZONE HOMOSALATE OCTISALATE OCTOCRYLENE OXYBENZONE) LOTION [RITE AID CORPORATION],https://dailymed.nlm.nih.gov/dailymed/drugInfo.cfm?setid=12d49ae3-e160-418f-81c4-9b8de7bde9cd,yes
"SAFE SEA FOR KIDS SUNSCREEN WITH JELLYFISH STING PROTECTIVE SPF 30 PLUS (OCTINOXATE, OCTISALATE, OXYBENZONE, TITANIUM DIOXIDE) LOTION [NIDARIA TECHNOLOGY LTD.]",https://dailymed.nlm.nih.gov/dailymed/drugInfo.cfm?setid=a2ac325f-6760-41fa-a635-11852fd70209,"SAFE SEA SUNSCREEN WITH JELLYFISH STING PROTECTIVE SPF 30 (OCTINOXATE, OCTISALATE, OXYBENZONE, TITANIUM DIOXIDE) LOTION [NIDARIA TECHNOLOGY LTD.]",https://dailymed.nlm.nih.gov/dailymed/drugInfo.cfm?setid=244e26cb-1f14-4b40-99b1-1b0d32785b94,yes
"SAFE SEA SPF 50 KIDS (HOMOSALATE, OCTOCRYLENE, OCTISALATE, AVOBENZONE) LOTION [NIDARIA TECHNOLOGY LTD]",https://dailymed.nlm.nih.gov/dailymed/drugInfo.cfm?setid=3fa04557-2bc1-4eb4-aed8-eacc79189613,"SAFE SEA SPF 50 (HOMOSALATE, OCTOCRYLENE, OCTISALATE, AVOBENZONE) LOTION [NIDARIA TECHNOLOGY LTD]",https://dailymed.nlm.nih.gov/dailymed/drugInfo.cfm?setid=53df3126-1136-490a-b339-5876ce89499e,yes
"SAFE SEA SPF 50 KIDS (HOMOSALATE, OCTOCRYLENE, OCTISALATE, AVOBENZONE) LOTION [NIDARIA TECHNOLOGY LTD]",https://dailymed.nlm.nih.gov/dailymed/drugInfo.cfm?setid=3fa04557-2bc1-4eb4-aed8-eacc79189613,"SAFE SEA SPF 50 (HOMOSALATE, OCTOCRYLENE, OCTISALATE, AVOBENZONE) LOTION [SASA COSMETICS]",https://dailymed.nlm.nih.gov/dailymed/drugInfo.cfm?setid=95afb5ee-5314-4653-80c1-e9ebf085f5f3,no
"SELECT BRAND BABY SUNSCREEN (AVOBENZONE, HOMOSALATE, OCTISALATE, OCTOCRYLENE, OXYBENZONE) LOTION [SELECT BRAND DISTRIBUTORS]",https://dailymed.nlm.nih.gov/dailymed/drugInfo.cfm?setid=a5f27b24-e9ac-43f5-ad66-3f9e42d8cf70,"PUBLIX SPF 50 (AVOBENZONE, HOMOSALATE, OCTISALATE, OCTOCRYLENE, OXYBENZONE) LOTION [PUBLIX SUPER MARKETS INC]",https://dailymed.nlm.nih.gov/dailymed/drugInfo.cfm?setid=9a0a1a55-7184-48f4-80bf-b94bdd8d6815,no
"SELECT BRAND BABY SUNSCREEN (AVOBENZONE, HOMOSALATE, OCTISALATE, OCTOCRYLENE, OXYBENZONE) LOTION [SELECT BRAND DISTRIBUTORS]",https://dailymed.nlm.nih.gov/dailymed/drugInfo.cfm?setid=a5f27b24-e9ac-43f5-ad66-3f9e42d8cf70,"SELECT BRAND SUNSCREEN (AVOBENZONE, HOMOSALATE, OCTISALATE, OCTOCRYLENE, OXYBENZONE) LOTION [SELECT BRAND DISTRIBUTORS]",https://dailymed.nlm.nih.gov/dailymed/drugInfo.cfm?setid=f789a746-9e4b-4c31-b04b-9c723a829b65,yes
"SOLMATE KIDS BROAD SPECTRUM SPF 50 (AVOBENZONE, HOMOSALATE, OCTISALATE, OCTOCRYLENE, AND OXYBENZONE) LOTION [PRIME ENTERPRISES, INC.]",https://dailymed.nlm.nih.gov/dailymed/drugInfo.cfm?setid=4665c6dc-7519-4218-97b3-8148e58931fb,"SOLMATE BROAD SPECTRUM SPF 50 (AVOBENZONE, HOMOSALATE, OCTISALATE, OCTOCRYLENE, AND OXYBENZONE) LOTION [PRIME ENTERPRISES, INC.]",https://dailymed.nlm.nih.gov/dailymed/drugInfo.cfm?setid=f57e42d2-0e23-4505-af9e-a1f9769ebc2b,yes
"SPF 50 BABY SUNSCREEN EQUATE (AVOBENZONE, HOMOSALATE, OCTOCRYLENE) LOTION [WALMART INC]",https://dailymed.nlm.nih.gov/dailymed/drugInfo.cfm?setid=4690d89b-ae61-2ed5-e063-6294a90a743f,"SPF 50 SUNSCREEN ROCKY MOUNTAIN (AVOBENZONE 3%, HOMOSALATE 10%, OCTOCRYLENE 6%) LOTION [DERMA CARE RESEARCH LABS, LLC]",https://dailymed.nlm.nih.gov/dailymed/drugInfo.cfm?setid=a216d48f-4ed4-6008-e053-2a95a90a8c9a,no
"SPF 70 KIDS SUNSCREEN (AVOBENZONE, HOMOSALATE, OCTISALATE, OCTOCRYLENE) SPRAY [DERMA CARE RESEARCH LABS, LLC]",https://dailymed.nlm.nih.gov/dailymed/drugInfo.cfm?setid=0aadc378-dc34-9a37-e063-6294a90ad49e,"SPF 70 SUNSCREEN (AVOBENZONE, HOMOSALATE, OCTISALATE, OCTOCRYLENE) SPRAY [DERMA CARE RESEARCH LABS, LLC]",https://dailymed.nlm.nih.gov/dailymed/drugInfo.cfm?setid=0aad5ced-f356-e294-e063-6394a90aa8d5,yes
SUN ZAPPER - BABY PURE ZINC SUNSCREEN SPF30 (ZINC OXIDE SUNSCREEN) CREAM [VEGANIC SKN LIMITED],https://dailymed.nlm.nih.gov/dailymed/drugInfo.cfm?setid=3ee52faa-64a8-4bdf-e063-6294a90a65cf,SUN ZAPPER - FACE PURE ZINC SUNSCREEN SPF30 (ZINC OXIDE SUNSCREEN) CREAM [VEGANIC SKN LIMITED],https://dailymed.nlm.nih.gov/dailymed/drugInfo.cfm?setid=3ee4feb3-6966-67f9-e063-6394a90a16d5,yes
SUN ZAPPER - BABY PURE ZINC SUNSCREEN SPF30 (ZINC OXIDE SUNSCREEN) CREAM [VEGANIC SKN LIMITED],https://dailymed.nlm.nih.gov/dailymed/drugInfo.cfm?setid=3ee52faa-64a8-4bdf-e063-6294a90a65cf,SUN ZAPPER - ANTI-AGEING PURE ZINC SUNSCREEN SPF30 (ZINC OXIDE SUNSCREEN) CREAM [VEGANIC SKN LIMITED],https://dailymed.nlm.nih.gov/dailymed/drugInfo.cfm?setid=3f1dc3b2-c289-5996-e063-6394a90ac622,yes
SUNSCREEN BABY SPF30 PLUS BROAD SPECTRUM (ZINC OXIDE ) LOTION [UV NATURAL INTERNATIONAL PTY LTD],https://dailymed.nlm.nih.gov/dailymed/drugInfo.cfm?setid=0c285349-62e0-40a4-93c8-11abb65e6f4d,SUNSCREEN SPF30 PLUS BROAD SPECTRUM (ZINC OXIDE ) LOTION [UV NATURAL INTERNATIONAL PTY LTD],https://dailymed.nlm.nih.gov/dailymed/drugInfo.cfm?setid=c5be545c-99c4-420b-8f50-150cbc76303f,yes
"SUNSCREEN FOR BABIES SPF 50 (AVOBENZONE, HOMOSALATE, OCTISALATE) LOTION [RETAIL BUSINESS SERVICES, LLC]",https://dailymed.nlm.nih.gov/dailymed/drugInfo.cfm?setid=64766ed9-bd47-498d-bf59-fb30a7bf7e89,"AVOBENZONE, HOMOSALATE, OCTISALATE LOTION [TOPCO ASSOCIATES LLC]",https://dailymed.nlm.nih.gov/dailymed/drugInfo.cfm?setid=597b78df-83cb-1b21-e063-6294a90a56a8,no
"SUNSCREEN FOR BABIES SPF 50 (AVOBENZONE, HOMOSALATE, OCTISALATE) LOTION [RETAIL BUSINESS SERVICES, LLC]",https://dailymed.nlm.nih.gov/dailymed/drugInfo.cfm?setid=64766ed9-bd47-498d-bf59-fb30a7bf7e89,"AVOBENZONE, HOMOSALATE, OCTISALATE LOTION [THE KROGER CO.]",https://dailymed.nlm.nih.gov/dailymed/drugInfo.cfm?setid=644ec129-15c9-4ac1-8362-5b4c2e58ab9a,no
"SUNSCREEN FOR BABIES SPF 50 (AVOBENZONE, HOMOSALATE, OCTISALATE) LOTION [RETAIL BUSINESS SERVICES, LLC]",https://dailymed.nlm.nih.gov/dailymed/drugInfo.cfm?setid=64766ed9-bd47-498d-bf59-fb30a7bf7e89,"AVOBENZONE, HOMOSALATE, OCTISALATE LOTION [OLD EAST MAIN CO.]",https://dailymed.nlm.nih.gov/dailymed/drugInfo.cfm?setid=ce9a2139-c5c2-43e2-bd51-1f14ace594d9,no
"SUNSCREEN FOR KIDS SPF 50 (AVOBENZONE, HOMOSALATE, OCTISALATE) SPRAY [THE KROGER CO.]",https://dailymed.nlm.nih.gov/dailymed/drugInfo.cfm?setid=1c7cd904-ffff-48aa-91bd-cc978946b36a,"SPORT SUNSCREEN SPF 50 (AVOBENZONE, HOMOSALATE, OCTISALATE) SPRAY [RETAIL BUSINESS SERVICES, LLC]",https://dailymed.nlm.nih.gov/dailymed/drugInfo.cfm?setid=15bf22f5-a8f5-44bb-b787-2b762b330d61,no
"SUNSCREEN FOR KIDS SPF 50 (AVOBENZONE, HOMOSALATE, OCTISALATE) SPRAY [THE KROGER CO.]",https://dailymed.nlm.nih.gov/dailymed/drugInfo.cfm?setid=1c7cd904-ffff-48aa-91bd-cc978946b36a,"AVOBENZONE, HOMOSALATE, OCTISALATE SPRAY [OLD EAST MAIN CO.]",https://dailymed.nlm.nih.gov/dailymed/drugInfo.cfm?setid=1a53d8d5-e650-4825-8a3b-7cf42c36e3e5,no
"SUNSCREEN FOR KIDS SPF 50 (AVOBENZONE, HOMOSALATE, OCTISALATE) SPRAY [THE KROGER CO.]",https://dailymed.nlm.nih.gov/dailymed/drugInfo.cfm?setid=1c7cd904-ffff-48aa-91bd-cc978946b36a,"SPORT SUNSCREEN SPF 50 (AVOBENZONE, HOMOSALATE, OCTISALATE) SPRAY [THE KROGER CO.]",https://dailymed.nlm.nih.gov/dailymed/drugInfo.cfm?setid=22aa46af-5d0f-4256-8f45-be06f6627561,yes
"SUNSCREEN FOR KIDS SPF 50 (AVOBENZONE, HOMOSALATE, OCTISALATE) SPRAY [THE KROGER CO.]",https://dailymed.nlm.nih.gov/dailymed/drugInfo.cfm?setid=1c7cd904-ffff-48aa-91bd-cc978946b36a,"AVOBENZONE, HOMOSALATE, OCTISALATE SPRAY [OLD EAST MAIN CO.]",https://dailymed.nlm.nih.gov/dailymed/drugInfo.cfm?setid=4a0cab2d-3c73-4b0b-b0c4-f72b1a0de1cf,no
"SUNSCREEN FOR KIDS SPF 50 (AVOBENZONE, HOMOSALATE, OCTISALATE) SPRAY [THE KROGER CO.]",https://dailymed.nlm.nih.gov/dailymed/drugInfo.cfm?setid=1c7cd904-ffff-48aa-91bd-cc978946b36a,"AVOBENZONE, HOMOSALATE, OCTISALATE SPRAY [TOPCO ASSOCIATES LLC]",https://dailymed.nlm.nih.gov/dailymed/drugInfo.cfm?setid=5864275d-a480-06f8-e063-6394a90aecab,no
"SUNSCREEN FOR KIDS SPF 50 (AVOBENZONE, HOMOSALATE, OCTISALATE) SPRAY [THE KROGER CO.]",https://dailymed.nlm.nih.gov/dailymed/drugInfo.cfm?setid=1c7cd904-ffff-48aa-91bd-cc978946b36a,"AVOBENZONE, HOMOSALATE, OCTISALATE SPRAY [NICE-PAK PRODUCTS, LLC]",https://dailymed.nlm.nih.gov/dailymed/drugInfo.cfm?setid=af052521-bfa6-4142-a10b-ef51f474a077,no
"SUNSCREEN FOR KIDS SPF 50 (AVOBENZONE, HOMOSALATE, OCTISALATE) SPRAY [THE KROGER CO.]",https://dailymed.nlm.nih.gov/dailymed/drugInfo.cfm?setid=1c7cd904-ffff-48aa-91bd-cc978946b36a,"AVOBENZONE, HOMOSALATE, OCTISALATE SPRAY [OLD EAST MAIN CO.]",https://dailymed.nlm.nih.gov/dailymed/drugInfo.cfm?setid=b3d2da09-d9c9-4c27-82fe-a434ece2f099,no
"SUNSCREEN FOR KIDS SPF 50 (AVOBENZONE, HOMOSALATE, OCTISALATE) SPRAY [THE KROGER CO.]",https://dailymed.nlm.nih.gov/dailymed/drugInfo.cfm?setid=1c7cd904-ffff-48aa-91bd-cc978946b36a,"SPORT SUNSCREEN SPF 50 (AVOBENZONE, HOMOSALATE, OCTISALATE) SPRAY [HARRIS TEETER]",https://dailymed.nlm.nih.gov/dailymed/drugInfo.cfm?setid=b83ea476-fa32-4405-9ae3-f294836edb62,no
"SUNSCREEN FOR KIDS SPF 50 (AVOBENZONE, HOMOSALATE, OCTISALATE) SPRAY [THE KROGER CO.]",https://dailymed.nlm.nih.gov/dailymed/drugInfo.cfm?setid=1c7cd904-ffff-48aa-91bd-cc978946b36a,"AVOBENZONE, HOMOSALATE, OCTISALATE SPRAY [MEIJER, INC.]",https://dailymed.nlm.nih.gov/dailymed/drugInfo.cfm?setid=faeef8a6-2aaa-47dc-8b02-4c17c03f2fbc,no
"TARGET UP AND UP KIDS SPF 50 (AVOBENZONE, HOMOSALATE, OCTISALATE, OCTOCRYLENE) SPRAY [TARGET CORPORATION]",https://dailymed.nlm.nih.gov/dailymed/drugInfo.cfm?setid=b82b6d0d-616d-f041-e053-2995a90ae6a3,"TARGET UP AND UP SPF 50 BANANA SCENTED SUNSCREEN (AVOBENZONE, HOMOSALATE, OCTISALATE, OCTOCRYLENE) SPRAY [TARGET CORPORATION]",https://dailymed.nlm.nih.gov/dailymed/drugInfo.cfm?setid=513bdfb1-6b90-dfc7-e063-6394a90a9ec2,yes
"TARGET UP AND UP KIDS SPF 50 (AVOBENZONE, HOMOSALATE, OCTISALATE, OCTOCRYLENE) SPRAY [TARGET CORPORATION]",https://dailymed.nlm.nih.gov/dailymed/drugInfo.cfm?setid=b82b6d0d-616d-f041-e053-2995a90ae6a3,"TARGET UP AND UP SPF 50 COCONUT SCENTED SUNSCREEN (AVOBENZONE, HOMOSALATE, OCTISALATE, OCTOCRYLENE) SPRAY [TARGET CORPORATION]",https://dailymed.nlm.nih.gov/dailymed/drugInfo.cfm?setid=51510195-a577-dce4-e063-6294a90a3e74,yes
"TARGET UP AND UP KIDS SPF 50 (AVOBENZONE, HOMOSALATE, OCTISALATE, OCTOCRYLENE) SPRAY [TARGET CORPORATION]",https://dailymed.nlm.nih.gov/dailymed/drugInfo.cfm?setid=b82b6d0d-616d-f041-e053-2995a90ae6a3,"TARGET UP AND UP SPF 50 STRAWBERRY SCENTED SUNSCREEN (AVOBENZONE, HOMOSALATE, OCTISALATE, OCTOCRYLENE) SPRAY [TARGET CORPORATION]",https://dailymed.nlm.nih.gov/dailymed/drugInfo.cfm?setid=51512b9f-514d-3a29-e063-6294a90ae173,yes
"TARGET UP AND UP KIDS SPF 50 (AVOBENZONE, HOMOSALATE, OCTISALATE, OCTOCRYLENE) SPRAY [TARGET CORPORATION]",https://dailymed.nlm.nih.gov/dailymed/drugInfo.cfm?setid=b82b6d0d-616d-f041-e053-2995a90ae6a3,"TARGET UP AND UP SPF 50 WATERMELON SCENTED SUNSCREEN (AVOBENZONE, HOMOSALATE, OCTISALATE, OCTOCRYLENE) SPRAY [TARGET CORPORATION]",https://dailymed.nlm.nih.gov/dailymed/drugInfo.cfm?setid=5151493a-c25a-fb59-e063-6394a90a1034,yes
"TARGET UP AND UP KIDS SPF 50 (AVOBENZONE, HOMOSALATE, OCTISALATE, OCTOCRYLENE) SPRAY [TARGET CORPORATION]",https://dailymed.nlm.nih.gov/dailymed/drugInfo.cfm?setid=b82b6d0d-616d-f041-e053-2995a90ae6a3,"TARGET UP AND UP SPF 50 PEONY SCENTED SUNSCREEN (AVOBENZONE, HOMOSALATE, OCTISALATE, OCTOCRYLENE) SPRAY [TARGET CORPORATION]",https://dailymed.nlm.nih.gov/dailymed/drugInfo.cfm?setid=5151560f-350c-88c3-e063-6294a90a3492,yes
"THINKBABY SUNSCREEN SPF 30 (ZINC OXIDE) STICK [THINKOPERATIONS,LLC]",https://dailymed.nlm.nih.gov/dailymed/drugInfo.cfm?setid=86249f33-e635-4455-a039-3a25aa3478df,"THINKSPORT SUNSCREEN SPF 30 (ZINC OXIDE) STICK [THINKOPERATIONS,LLC]",https://dailymed.nlm.nih.gov/dailymed/drugInfo.cfm?setid=a8591509-65f7-4e62-8642-4b8e63f1fef3,yes
"THINKKIDS SPF 50 (ZINC OXIDE) LOTION [THINKOPERATIONS,LLC]",https://dailymed.nlm.nih.gov/dailymed/drugInfo.cfm?setid=09f9d9bb-c08b-401c-bbf1-640f1c8ec678,"THINKSPORT SPF 50 (ZINC OXIDE) LOTION [THINKOPERATIONS,LLC]",https://dailymed.nlm.nih.gov/dailymed/drugInfo.cfm?setid=2e83e382-8eb0-40f2-bdca-2db5e184661e,yes
"TRUE NATURAL BROAD SPECTRUM SPF 50 ALL NATURAL BABY AND SENSITIVE SKIN SUNSCREEN (ZINC OXIDE) LOTION [TRUE NATURE GROUP, INC.]",https://dailymed.nlm.nih.gov/dailymed/drugInfo.cfm?setid=efdfe5b6-dfd6-475f-a696-1559488d58c9,"TRUE NATURAL BROAD SPECTRUM SPF 50 ALL NATURAL VANILLA-COCONUT SUNSCREEN (ZINC OXIDE) LOTION [TRUE NATURE GROUP, INC.]",https://dailymed.nlm.nih.gov/dailymed/drugInfo.cfm?setid=27eaa47f-755a-4410-be4f-755d334360cf,yes
"ULTRASOL NATURE BABY SUNSCREEN (AVOBENZONE, OCTINOXATE, OCTISALATE, OXYBENZONE) LOTION [FISCHER PHARMACEUTICALS LTD]",https://dailymed.nlm.nih.gov/dailymed/drugInfo.cfm?setid=15739f81-d01f-4d3e-be5f-bbf04fffb1f9,"ULTRASOLSUNSCREEN SUNSCREEN LOTION SPF45 (AVOBENZONE, OCTINOXATE, OCTISALATE, OXYBENZONE) LOTION [FISCHER PHARMACEUTICALS LTD]",https://dailymed.nlm.nih.gov/dailymed/drugInfo.cfm?setid=035383ed-9ebb-4a75-9c3f-cde9ebe8fd4e,yes
"ULTRASOL NATURE BABY SUNSCREEN (AVOBENZONE, OCTINOXATE, OCTISALATE, OXYBENZONE) LOTION [FISCHER PHARMACEUTICALS LTD]",https://dailymed.nlm.nih.gov/dailymed/drugInfo.cfm?setid=15739f81-d01f-4d3e-be5f-bbf04fffb1f9,"ULTRASOL SPORT (AVOBENZONE, OCTINOXATE, OCTISALATE, OXYBENZONE) LOTION [FISCHER PHARMACEUTICALS LTD]",https://dailymed.nlm.nih.gov/dailymed/drugInfo.cfm?setid=3059ffac-c12e-49c7-b0e6-2af35217f3e5,yes
"ULTRASOL NATURE BABY SUNSCREEN (AVOBENZONE, OCTINOXATE, OCTISALATE, OXYBENZONE) LOTION [FISCHER PHARMACEUTICALS LTD]",https://dailymed.nlm.nih.gov/dailymed/drugInfo.cfm?setid=15739f81-d01f-4d3e-be5f-bbf04fffb1f9,"ULTRASOL SPORT (AVOBENZONE, OCTINOXATE, OCTISALATE, OXYBENZONE) LOTION [FISCHER PHARMACEUTICALS LTD]",https://dailymed.nlm.nih.gov/dailymed/drugInfo.cfm?setid=53080a26-b800-4dcd-9479-c07df3c9c307,yes
"ULTRASOLSUNSCREEN KIDS CLEAR CONTINUOUS SPRAY (AVOBENZONE, HOMOSALATE, OCTINOXATE, OCTISALATE, OCTOCRYLENE, OXYBENZONE) AEROSOL, SPRAY [FISCHER PHARMACEUTICALS LTD]",https://dailymed.nlm.nih.gov/dailymed/drugInfo.cfm?setid=3c8ec6df-04b8-45a1-9f23-f36622305e06,"ULTRASOLSUNSCREEN CLEAR CONTINUOUS SPRAY SPF43 (AVOBENZONE, HOMOSALATE, OCTINOXATE, OCTISALATE, OCTOCRYLENE, OXYBENZONE) AEROSOL, SPRAY [FISCHER PHARMACEUTICALS LTD]",https://dailymed.nlm.nih.gov/dailymed/drugInfo.cfm?setid=09121ddb-3504-4da8-9f1b-ac981b29dee0,yes
"ULTRASOLSUNSCREEN KIDS CLEAR CONTINUOUS SPRAY (AVOBENZONE, HOMOSALATE, OCTINOXATE, OCTISALATE, OCTOCRYLENE, OXYBENZONE) AEROSOL, SPRAY [FISCHER PHARMACEUTICALS LTD]",https://dailymed.nlm.nih.gov/dailymed/drugInfo.cfm?setid=3c8ec6df-04b8-45a1-9f23-f36622305e06,"ULTRASOLSUNSCREEN SPORT CLEAR CONTINUOUS SPRAY (AVOBENZONE, HOMOSALATE, OCTINOXATE, OCTISALATE, OCTOCRYLENE, OXYBENZONE) AEROSOL, SPRAY [FISCHER PHARMACEUTICALS LTD]",https://dailymed.nlm.nih.gov/dailymed/drugInfo.cfm?setid=96f914fa-1ef4-4783-9dda-9d25a55f700a,yes
"ULTRASOLSUNSCREEN KIDS SUNSCREEN LOTION CONTINUOUS SPRAY SPF 45 (AVOBENZONE, HOMOSALATE, OCTINOXATE, OCTISALATE, OCTOCRYLENE , OXYBENZONE) AEROSOL, SPRAY [FISCHER PHARMACEUTICALS LTD]",https://dailymed.nlm.nih.gov/dailymed/drugInfo.cfm?setid=72cf5079-80f6-4c87-a0d8-bb17a518f8c4,"ULTRASOLSUNSCREEN SPORT SUNSCREEN LOTION CONTINUOUS SPRAY SPF 45 (AVOBENZONE, HOMOSALATE, OCTINOXATE, OCTISALATE, OCTOCRYLENE, OXYBENZONE) AEROSOL, SPRAY [FISCHER PHARMACEUTICALS LTD]",https://dailymed.nlm.nih.gov/dailymed/drugInfo.cfm?setid=2e616006-222e-4169-8170-45294756248c,yes
"WALGREENS SUNSCREEN BABY SPF 50 (HOMOSALATE, OXYBENZONE, OCTISALATE, AVOBENZONE, OCTOCRYLENE) LOTION [WALGREEN CO.]",https://dailymed.nlm.nih.gov/dailymed/drugInfo.cfm?setid=5eddb97d-d65e-4203-8b14-d2b89511da50,"PETER ISLAND SUNSCREENSPF 50 SPF 50 (HOMOSALATE, OXYBENZONE, OCTISALATE, AVOBENZONE, OCTOCRYLENE) LOTION [ACCESS BUSINESS GROUP LLC]",https://dailymed.nlm.nih.gov/dailymed/drugInfo.cfm?setid=8f15432a-38ae-42ec-b9f9-e5b42298e3e4,no
"WALGREENS SUNSCREEN BABY SPF 50 (HOMOSALATE, OXYBENZONE, OCTISALATE, AVOBENZONE, OCTOCRYLENE) LOTION [WALGREEN CO.]",https://dailymed.nlm.nih.gov/dailymed/drugInfo.cfm?setid=5eddb97d-d65e-4203-8b14-d2b89511da50,"PETER ISLAND SUNSCREEN SPF 50 (HOMOSALATE, OXYBENZONE, OCTISALATE, AVOBENZONE, OCTOCRYLENE) LOTION [AMWAY CORP.]",https://dailymed.nlm.nih.gov/dailymed/drugInfo.cfm?setid=c9490f30-f329-4d7d-836d-2731c244ebc9,no
"WEGMANS KIDS AND SPORT BROAD SPECTRUM SPF 50 SUNSCREEN (AVOBENZONE, HOMOSALATE, OCTISALATE, OCTOCRYLENE) LOTION [WEGMANS FOOD MARKETS INC]",https://dailymed.nlm.nih.gov/dailymed/drugInfo.cfm?setid=f3463f81-9a65-3796-e053-2995a90a4f80,"WALGREENS SPF 50 HYDRATING (AVOBENZONE, HOMOSALATE, OCTISALATE, OCTOCRYLENE) LOTION [WALGREEN COMPANY]",https://dailymed.nlm.nih.gov/dailymed/drugInfo.cfm?setid=f347588d-8225-45a7-e053-2995a90ab688,no
"WEGMANS KIDS AND SPORT BROAD SPECTRUM SPF 50 SUNSCREEN (AVOBENZONE, HOMOSALATE, OCTISALATE, OCTOCRYLENE) LOTION [WEGMANS FOOD MARKETS INC]",https://dailymed.nlm.nih.gov/dailymed/drugInfo.cfm?setid=f3463f81-9a65-3796-e053-2995a90a4f80,"CVS HEALTH SPORT SPF 50 SUNSCREEN (AVOBENZONE, HOMOSALATE, OCTISALATE, OCTOCRYLENE) LOTION [CVS PHARMACY]",https://dailymed.nlm.nih.gov/dailymed/drugInfo.cfm?setid=f40e5664-e3ca-badf-e053-2a95a90a913e,no
"WEGMANS SPORT AND KIDS CLEAR CONTINUOUS SUNSCREEN (AVOBENZONE, HOMOSALATE, OCTISALATE, OCTOCRYLENE) SPRAY [WEGMANS FOOD MARKETS INC]",https://dailymed.nlm.nih.gov/dailymed/drugInfo.cfm?setid=f424da9c-5218-1d8d-e053-2a95a90a29fb,"KLEIN TOOLS SUNSCREEN SPF 50 (AVOBENZONE, HOMOSALATE, OCTISALATE, OCTOCRYLENE) SPRAY [KLEIN TOOLS, INC.]",https://dailymed.nlm.nih.gov/dailymed/drugInfo.cfm?setid=3edcc26a-d960-3fa8-e063-6394a90ab703,no
"WEGMANS SPORT AND KIDS CLEAR CONTINUOUS SUNSCREEN (AVOBENZONE, HOMOSALATE, OCTISALATE, OCTOCRYLENE) SPRAY [WEGMANS FOOD MARKETS INC]",https://dailymed.nlm.nih.gov/dailymed/drugInfo.cfm?setid=f424da9c-5218-1d8d-e053-2a95a90a29fb,"EQUATE SUNSCREEN SPF 50 SPORT BROADSPECTRUM (AVOBENZONE,HOMOSALATE,OCTISALATE,OCTOCRYLENE) SPRAY [WALMART]",https://dailymed.nlm.nih.gov/dailymed/drugInfo.cfm?setid=4e5280b2-1437-4d97-bb4c-db1a1632fea7,no
"WEGMANS SPORT AND KIDS CLEAR CONTINUOUS SUNSCREEN (AVOBENZONE, HOMOSALATE, OCTISALATE, OCTOCRYLENE) SPRAY [WEGMANS FOOD MARKETS INC]",https://dailymed.nlm.nih.gov/dailymed/drugInfo.cfm?setid=f424da9c-5218-1d8d-e053-2a95a90a29fb,"EQUATE SUNSCREEN SPF 50 SPORT BROAD SPECTRUM (AVOBENZONE, HOMOSALATE, OCTISALATE, OCTOCRYLENE) SPRAY [WALMART]",https://dailymed.nlm.nih.gov/dailymed/drugInfo.cfm?setid=509b6c7d-8a28-2d3a-e063-6394a90af068,no
"WEGMANS SPORT AND KIDS CLEAR CONTINUOUS SUNSCREEN (AVOBENZONE, HOMOSALATE, OCTISALATE, OCTOCRYLENE) SPRAY [WEGMANS FOOD MARKETS INC]",https://dailymed.nlm.nih.gov/dailymed/drugInfo.cfm?setid=f424da9c-5218-1d8d-e053-2a95a90a29fb,"WALMART EQUATE SUNSCREEN SPF 50 SPORT BROAD SPECTRUM (AVOBENZONE, HOMOSALATE, OCTISALATE, OCTOCRYLENE) SPRAY [WALMART, INC.]",https://dailymed.nlm.nih.gov/dailymed/drugInfo.cfm?setid=58b5d0ce-9157-9dee-e063-6394a90ab543,no
"WEGMANS SPORT AND KIDS CLEAR CONTINUOUS SUNSCREEN (AVOBENZONE, HOMOSALATE, OCTISALATE, OCTOCRYLENE) SPRAY [WEGMANS FOOD MARKETS INC]",https://dailymed.nlm.nih.gov/dailymed/drugInfo.cfm?setid=f424da9c-5218-1d8d-e053-2a95a90a29fb,EQUATE-SUNSCREEN BROAD SPECTRUM SPF 50 ULTRA (AVOBENZONE HOMOSALATE OCTISALATE OCTOCRYLENE) SPRAY [WAL-MART STORES INC],https://dailymed.nlm.nih.gov/dailymed/drugInfo.cfm?setid=bbe06f23-0d0f-43ff-9d1b-37a99d9d6206,no
"WEGMANS SPORT AND KIDS CLEAR CONTINUOUS SUNSCREEN (AVOBENZONE, HOMOSALATE, OCTISALATE, OCTOCRYLENE) SPRAY [WEGMANS FOOD MARKETS INC]",https://dailymed.nlm.nih.gov/dailymed/drugInfo.cfm?setid=f424da9c-5218-1d8d-e053-2a95a90a29fb,"MARKET BASKET CONTINUOUS SUNSCREEN SPF 50 (AVOBENZONE HOMOSALATE OCTISALATE OCTOCRYLENE) SPRAY [DEMOULAS SUPER MARKETS, INC.]",https://dailymed.nlm.nih.gov/dailymed/drugInfo.cfm?setid=f4238107-c76c-266a-e053-2a95a90a8978,no
"WEGMANS SPORT AND KIDS CLEAR CONTINUOUS SUNSCREEN (AVOBENZONE, HOMOSALATE, OCTISALATE, OCTOCRYLENE) SPRAY [WEGMANS FOOD MARKETS INC]",https://dailymed.nlm.nih.gov/dailymed/drugInfo.cfm?setid=f424da9c-5218-1d8d-e053-2a95a90a29fb,CVS HEALTH SPF 50 CLEAR (AVOBENZONE HOMOSALATE OCTISALATE OCTOCRYLENE) SPRAY [CVS PHARMACY],https://dailymed.nlm.nih.gov/dailymed/drugInfo.cfm?setid=f42402ff-0d70-9231-e053-2995a90aa46d,no
"WEGMANS SPORT AND KIDS CLEAR CONTINUOUS SUNSCREEN (AVOBENZONE, HOMOSALATE, OCTISALATE, OCTOCRYLENE) SPRAY [WEGMANS FOOD MARKETS INC]",https://dailymed.nlm.nih.gov/dailymed/drugInfo.cfm?setid=f424da9c-5218-1d8d-e053-2a95a90a29fb,"EXCHANGE SELECT SPORT SUNSCREEN CONTINUOUS SPF 50 (AVOBENZONE, HOMOSALATE, OCTISALATE, OCTOCRYLENE) SPRAY [ARMY & AIR FORCE EXCHANGE SERVICE]",https://dailymed.nlm.nih.gov/dailymed/drugInfo.cfm?setid=f55828b4-f2a4-13ec-e053-2995a90a0f84,no
ZINC FIVE-0 BABY AND KIDS MINERAL SUNSCREEN SPF50 (ZINC OXIDE SUNSCREEN) CREAM [VEGANIC SKN LIMITED],https://dailymed.nlm.nih.gov/dailymed/drugInfo.cfm?setid=38744f77-4845-eac4-e063-6294a90af648,SOODOX NATURAL MINERAL SUNSCREEN SPF50 - 6 MONTHS TO 6 YEARS (ZINC OXIDE SUNSCREEN) CREAM [VEGANIC SKN LIMITED],https://dailymed.nlm.nih.gov/dailymed/drugInfo.cfm?setid=41de1cd7-fdfd-7f7a-e063-6394a90a9b5c,yes
