baby_kids_title,baby_kids_dailymed,same_list_title,same_list_dailymed,same_labeler
"ALBA BOTANICA KIDS MINERAL SUNSCREEN FF SPF30 (ZINC OXIDE, TITANIUM DIOXIDE) CREAM [THE HAIN CELESTIAL GROUP, INC.]",https://dailymed.nlm.nih.gov/dailymed/drugInfo.cfm?setid=639fd681-3b6e-1a55-e053-2991aa0ae7d3,"ALBA BOTANICA MINERAL SUNSCREEN FF SPF30 (ZINC OXIDE, TITANIUM DIOXIDE) CREAM [THE HAIN CELESTIAL GROUP, INC.]",https://dailymed.nlm.nih.gov/dailymed/drugInfo.cfm?setid=638e119f-51c6-59a6-e053-2991aa0aeffa,yes
"ALBA BOTANICA KIDS MINERAL SUNSCREEN FF SPF30 (ZINC OXIDE, TITANIUM DIOXIDE) CREAM [THE HAIN CELESTIAL GROUP, INC.]",https://dailymed.nlm.nih.gov/dailymed/drugInfo.cfm?setid=639fd681-3b6e-1a55-e053-2991aa0ae7d3,"ALBA BOTANICA MINERAL SUNSCREEN FF SPF30 (ZINC OXIDE, TITANIUM DIOXIDE) CREAM [THE HAIN CELESTIAL GROUP, INC.]",https://dailymed.nlm.nih.gov/dailymed/drugInfo.cfm?setid=639e786b-03fb-ac2d-e053-2a91aa0a9d02,yes
ARIZONA SUN KIDS SUNSCREEN SPF 30 (SUNSCREEN) LOTION [ARIZONA SUN PRODUCTS],https://dailymed.nlm.nih.gov/dailymed/drugInfo.cfm?setid=10f60367-6681-a589-e063-6394a90a6bb8,ARIZONA SUN SUNSCREEN SPF 30 (SUNSCREEN) LOTION [ARIZONA SUN PRODUCTS],https://dailymed.nlm.nih.gov/dailymed/drugInfo.cfm?setid=10e336b3-0aee-cc2f-e063-6394a90a9f91,yes
ARIZONA SUN KIDS SUNSCREEN SPF 30 (SUNSCREEN) LOTION [ARIZONA SUN PRODUCTS],https://dailymed.nlm.nih.gov/dailymed/drugInfo.cfm?setid=10f60367-6681-a589-e063-6394a90a6bb8,ARIZONA SUN SUNSCREEN SPF 30 (SUNSCREEN) LOTION [ARIZONA SUN PRODUCTS],https://dailymed.nlm.nih.gov/dailymed/drugInfo.cfm?setid=10e48195-7bae-2422-e063-6394a90a261c,yes
ARIZONA SUN KIDS SUNSCREEN SPF 30 (SUNSCREEN) LOTION [ARIZONA SUN PRODUCTS],https://dailymed.nlm.nih.gov/dailymed/drugInfo.cfm?setid=10f60367-6681-a589-e063-6394a90a6bb8,ARIZONA SUN SUNSCREEN SPF 30 (SUNSCREEN) LOTION [ARIZONA SUN PRODUCTS],https://dailymed.nlm.nih.gov/dailymed/drugInfo.cfm?setid=10e4d4b6-23cb-3ee0-e063-6394a90abf9f,yes
ARIZONA SUN SUNSCREEN KIDS WATER RESISTANT SPF 30 (SUNSCREEN) LOTION [ARIZONA SUN PRODUCTS],https://dailymed.nlm.nih.gov/dailymed/drugInfo.cfm?setid=116e71c4-f443-0b6c-e063-6394a90a0cdd,ARIZONA SUN SUNSCREEN WATER RESISTANT SPF 30 (SUNSCREEN) LOTION [ARIZONA SUN PRODUCTS],https://dailymed.nlm.nih.gov/dailymed/drugInfo.cfm?setid=11334e45-4bc2-d597-e063-6294a90a323e,yes
ARIZONA SUN SUNSCREEN KIDS WATER RESISTANT SPF 30 (SUNSCREEN) LOTION [ARIZONA SUN PRODUCTS],https://dailymed.nlm.nih.gov/dailymed/drugInfo.cfm?setid=116e71c4-f443-0b6c-e063-6394a90a0cdd,ARIZONA SUN SUNSCREEN WATER RESISTANT SPF 30 (SUNSCREEN) LOTION [ARIZONA SUN PRODUCTS],https://dailymed.nlm.nih.gov/dailymed/drugInfo.cfm?setid=114887d9-10c0-03bc-e063-6294a90ab166,yes
ARIZONA SUN SUNSCREEN KIDS WATER RESISTANT SPF 30 (SUNSCREEN) LOTION [ARIZONA SUN PRODUCTS],https://dailymed.nlm.nih.gov/dailymed/drugInfo.cfm?setid=116e71c4-f443-0b6c-e063-6394a90a0cdd,ARIZONA SUN SUNSCREEN WATER RESISTANT SPF 30 (SUNSCREEN) LOTION [ARIZONA SUN PRODUCTS],https://dailymed.nlm.nih.gov/dailymed/drugInfo.cfm?setid=1148e719-b8ed-11b3-e063-6394a90ac116,yes
ARIZONA SUN SUNSCREEN KIDS WATER RESISTANT SPF 30 (SUNSCREEN) LOTION [ARIZONA SUN PRODUCTS],https://dailymed.nlm.nih.gov/dailymed/drugInfo.cfm?setid=116e71c4-f443-0b6c-e063-6394a90a0cdd,ARIZONA SUN SUNSCREEN WATER RESISTANT SPF 30 (SUNSCREEN) LOTION [ARIZONA SUN PRODUCTS],https://dailymed.nlm.nih.gov/dailymed/drugInfo.cfm?setid=115b4d4c-51f1-ad62-e063-6294a90a3e53,yes
ARIZONA SUN SUNSCREEN KIDS WATER RESISTANT SPF 30 (SUNSCREEN) LOTION [ARIZONA SUN PRODUCTS],https://dailymed.nlm.nih.gov/dailymed/drugInfo.cfm?setid=116e71c4-f443-0b6c-e063-6394a90a0cdd,WETSPORTS ARIZONA SUN WATER RESISTANT SPF 30 (SUNSCREEN) LOTION [ARIZONA SUN PRODUCTS],https://dailymed.nlm.nih.gov/dailymed/drugInfo.cfm?setid=115cf201-cfef-9b69-e063-6294a90aba64,yes
ATTITUDE KIDS OATMEAL SENSITIVE MINERAL SUNSCREEN UNSCENTED SPF 30 (ZINC OXIDE) CREAM [9055-7588 QUEBEC INC. DBA ATTITUDE],https://dailymed.nlm.nih.gov/dailymed/drugInfo.cfm?setid=310e66a2-8714-4016-87f4-81c1fef19ec9,ATTITUDE OATMEAL SENSITIVE MINERAL SUNSCREEN UNSCENTED SPF 30 (ZINC OXIDE) CREAM [9055-7588 QUEBEC INC. DBA ATTITUDE],https://dailymed.nlm.nih.gov/dailymed/drugInfo.cfm?setid=b6b8733d-6431-4ed2-9350-c63bb901c804,yes
ATTITUDE MINERAL SUNSCREEN SENSITIVE SKIN CARE LITTLE ONES (ZINC OXIDE) CREAM [BIO SPECTRA],https://dailymed.nlm.nih.gov/dailymed/drugInfo.cfm?setid=b1ac6959-577a-44e2-97b2-af37c2073c53,ATTITUDE MINERAL SUNSCREEN SENSITIVE SKIN CARE FAMILY (ZINC OXIDE) CREAM [BIO SPECTRA],https://dailymed.nlm.nih.gov/dailymed/drugInfo.cfm?setid=64d3b56b-db4f-4b18-a0d6-11eb3695ca99,yes
ATTITUDE SUNLY BABY MINERAL SUNSCREEN SPF 50 UNSCENTED (ZINC OXIDE) CREAM [9055-7588 QU&EACUTE;BEC INC.DBA ATTITUDE],https://dailymed.nlm.nih.gov/dailymed/drugInfo.cfm?setid=44aba591-04da-fe09-e063-6394a90a912a,ATTITUDE SUNLY MINERAL SUNSCREEN SPF 50 UNSCENTED (ZINC OXIDE) CREAM [9055-7588 QU&EACUTE;BEC INC.DBA ATTITUDE],https://dailymed.nlm.nih.gov/dailymed/drugInfo.cfm?setid=44aaa3c8-ccc4-ae93-e063-6394a90aedc5,yes
ATTITUDE SUNLY BABY MINERAL SUNSCREEN SPRAYER SPF 50 UNSCENTED (ZINC OXIDE) SPRAY [9055-7588 QU&EACUTE;BEC INC.DBA ATTITUDE],https://dailymed.nlm.nih.gov/dailymed/drugInfo.cfm?setid=44a94a24-e292-41e6-e063-6394a90abe47,ATTITUDE SUNLY MINERAL SUNSCREEN SPRAYER SPF 50 UNSCENTED (ZINC OXIDE) SPRAY [9055-7588 QU&EACUTE;BEC INC.DBA ATTITUDE],https://dailymed.nlm.nih.gov/dailymed/drugInfo.cfm?setid=4499bcda-f0ba-878e-e063-6394a90a5fc0,yes
ATTITUDE SUNLY BABY MINERAL SUNSCREEN STICK SPF 50 UNSCENTED (ZINC OXIDE) STICK [9055-7588 QU&EACUTE;BEC INC.DBA ATTITUDE],https://dailymed.nlm.nih.gov/dailymed/drugInfo.cfm?setid=44853202-6873-0bc8-e063-6394a90a05f0,ATTITUDE SUNLY MINERAL SUNSCREEN STICK SPF 50 UNSCENTED (ZINC OXIDE) STICK [9055-7588 QU&EACUTE;BEC INC.DBA ATTITUDE],https://dailymed.nlm.nih.gov/dailymed/drugInfo.cfm?setid=43f43c5a-2680-f549-e063-6394a90aade3,yes
ATTITUDE SUNLY BABY MINERAL SUNSCREEN STICK SPF 50 UNSCENTED (ZINC OXIDE) STICK [9055-7588 QU&EACUTE;BEC INC.DBA ATTITUDE],https://dailymed.nlm.nih.gov/dailymed/drugInfo.cfm?setid=44853202-6873-0bc8-e063-6394a90a05f0,ATTITUDE SUNLY MINERAL SUNSCREEN FACE STICK SPF 50 UNSCENTED (ZINC OXIDE) STICK [9055-7588 QU&EACUTE;BEC INC.DBA ATTITUDE],https://dailymed.nlm.nih.gov/dailymed/drugInfo.cfm?setid=44acf513-ffe6-888c-e063-6394a90a9c5c,yes
ATTITUDE SUNLY KIDS MINERAL SUNSCREEN FACE STICK UNSCENTED SPF 30 (ZINC OXIDE) STICK [9055-7588 QUEBEC INC. DBA ATTITUDE],https://dailymed.nlm.nih.gov/dailymed/drugInfo.cfm?setid=0d833e3b-5330-3c5b-e063-6394a90a2ed2,ATTITUDE SUNLY MINERAL SUNSCREEN FACE STICK UNSCENTED SPF 30 (ZINC OXIDE) STICK [9055-7588 QUEBEC INC. DBA ATTITUDE],https://dailymed.nlm.nih.gov/dailymed/drugInfo.cfm?setid=0d8551c6-2efe-11a8-e063-6294a90aed01,yes
ATTITUDE SUNLY KIDS MINERAL SUNSCREEN STICK UNSCENTED SPF 30 (ZINC OXIDE) STICK [9055-7588 QUEBEC INC. DBA ATTITUDE],https://dailymed.nlm.nih.gov/dailymed/drugInfo.cfm?setid=0d82121d-1dc2-cd99-e063-6394a90aa766,ATTITUDE SUNLY MINERAL SUNSCREEN STICK UNSCENTED SPF 30 (ZINC OXIDE) STICK [9055-7588 QUEBEC INC. DBA ATTITUDE],https://dailymed.nlm.nih.gov/dailymed/drugInfo.cfm?setid=0d83c576-5dfb-583a-e063-6294a90a2a28,yes
"BANANA BOAT (AVOBENZONE, HOMOSALATE, OCTISALATE, OCTOCRYLENE) STICK [EDGEWELL PERSONAL CARE BRANDS LLC]",https://dailymed.nlm.nih.gov/dailymed/drugInfo.cfm?setid=53d50644-b698-6474-e063-6394a90ac347,"BANANA BOAT (AVOBENZONE, HOMOSALATE, OCTISALATE, OCTOCRYLENE) STICK [EDGEWELL PERSONAL CARE BRANDS LLC]",https://dailymed.nlm.nih.gov/dailymed/drugInfo.cfm?setid=5c167280-250c-c863-e063-6394a90ac883,yes
"BANANA BOAT (AVOBENZONE, HOMOSALATE, OCTISALATE, OCTOCRYLENE) STICK [EDGEWELL PERSONAL CARE BRANDS LLC]",https://dailymed.nlm.nih.gov/dailymed/drugInfo.cfm?setid=616d35f6-63d2-3d26-e053-2991aa0a5b44,"BANANA BOAT (AVOBENZONE, HOMOSALATE, OCTISALATE, OCTOCRYLENE) STICK [EDGEWELL PERSONAL CARE BRANDS LLC]",https://dailymed.nlm.nih.gov/dailymed/drugInfo.cfm?setid=616d35a1-a139-1974-e053-2a91aa0a20b6,yes
"BANANA BOAT (ZINC OXIDE) AEROSOL, SPRAY [EDGEWELL PERSONAL CARE BRANDS LLC]",https://dailymed.nlm.nih.gov/dailymed/drugInfo.cfm?setid=1ba50f16-4b76-825f-e063-6294a90a2a4d,"BANANA BOAT (ZINC OXIDE) AEROSOL, SPRAY [EDGEWELL PERSONAL CARE BRANDS LLC]",https://dailymed.nlm.nih.gov/dailymed/drugInfo.cfm?setid=1ba57692-c36d-ef4a-e063-6394a90a1236,yes
"BANANA BOAT (ZINC OXIDE) AEROSOL, SPRAY [EDGEWELL PERSONAL CARE BRANDS LLC]",https://dailymed.nlm.nih.gov/dailymed/drugInfo.cfm?setid=1ba50f16-4b76-825f-e063-6294a90a2a4d,"BANANA BOAT (ZINC OXIDE) AEROSOL, SPRAY [EDGEWELL PERSONAL CARE BRANDS LLC]",https://dailymed.nlm.nih.gov/dailymed/drugInfo.cfm?setid=5b999d26-6220-6e4b-e063-6294a90ae52a,yes
"BANANA BOAT KIDS MINERAL PROTECTION SPF50 (TITANIUM DIOXIDE,ZINC OXIDE) LOTION [EDGEWELL PERSONAL CARE BRANDS LLC]",https://dailymed.nlm.nih.gov/dailymed/drugInfo.cfm?setid=dc7701b5-0c73-b4df-e053-2a95a90a0f1b,"BANANA BOAT MINERAL SENSITIVE FACE SPF50 (TITANIUM DIOXIDE, ZINC OXIDE) LOTION [EDGEWELL PERSONAL CARE BRANDS LLC]",https://dailymed.nlm.nih.gov/dailymed/drugInfo.cfm?setid=dc783438-b28f-b7f4-e053-2a95a90a3d65,yes
"BANANA BOAT KIDS MINERAL PROTECTION SPF50 (TITANIUM DIOXIDE,ZINC OXIDE) LOTION [EDGEWELL PERSONAL CARE BRANDS LLC]",https://dailymed.nlm.nih.gov/dailymed/drugInfo.cfm?setid=dc7701b5-0c73-b4df-e053-2a95a90a0f1b,"BANANA BOAT MINERAL SENSITIVE SPF 50 (TITANIUM DIOXIDE, ZINC OXIDE) LOTION [EDGEWELL PERSONAL CARE BRANDS LLC]",https://dailymed.nlm.nih.gov/dailymed/drugInfo.cfm?setid=dc7913d5-58f2-3077-e053-2a95a90a1627,yes
"BANANA BOAT KIDS MINERAL PROTECTION SPF50 (TITANIUM DIOXIDE,ZINC OXIDE) LOTION [EDGEWELL PERSONAL CARE BRANDS LLC]",https://dailymed.nlm.nih.gov/dailymed/drugInfo.cfm?setid=dc7701b5-0c73-b4df-e053-2a95a90a0f1b,"BANANA BOAT SPORT MINERAL SPF 50 (TITANIUM DIOXIDE, ZINC OXIDE) LOTION [EDGEWELL PERSONAL CARE BRANDS LLC]",https://dailymed.nlm.nih.gov/dailymed/drugInfo.cfm?setid=dc79790f-e2bc-5414-e053-2a95a90a9e7a,yes
BLUE LIZARD BABY SPF 50 (ZINC OXIDE) STICK [CROWN LABORATORIES],https://dailymed.nlm.nih.gov/dailymed/drugInfo.cfm?setid=9948f5b8-43bd-1c99-e053-2a95a90a6121,BLUE LIZARD SENSITIVE SPF 50 (ZINC OXIDE) STICK [CROWN LABORATORIES],https://dailymed.nlm.nih.gov/dailymed/drugInfo.cfm?setid=99839894-9695-2cd1-e053-2995a90acba6,yes
BLUE LIZARD BABY SPF 50 SUNSCREEN (TITANIUM DIOXIDE AND ZINC OXIDE) LOTION [CROWN LABORATORIES],https://dailymed.nlm.nih.gov/dailymed/drugInfo.cfm?setid=9d237fb7-4f5f-521d-e053-2a95a90a9734,BLUE LIZARD SENSITIVE SPF 50 SUNSCREEN (TITANIUM DIOXIDE AND ZINC OXIDE) LOTION [CROWN LABORATORIES],https://dailymed.nlm.nih.gov/dailymed/drugInfo.cfm?setid=9d20b230-2cce-4d90-e053-2995a90a4c03,yes
BLUE LIZARD KIDS SPF 50 SUNSCREEN (OCTISALATE AND TITANIUM DIOXIDE AND ZINC OXIDE) LOTION [CROWN LABORATORIES],https://dailymed.nlm.nih.gov/dailymed/drugInfo.cfm?setid=ba4ae906-48c0-8384-e053-2995a90afb91,BLUE LIZARD SPORT SPF 50 SUNSCREEN (OCTISALATE AND TITANIUM DIOXIDE AND ZINC OXIDE) LOTION [CROWN LABORATORIES],https://dailymed.nlm.nih.gov/dailymed/drugInfo.cfm?setid=4955fa1c-789d-4f42-af75-70223310644a,yes
BROAD SPECTRUM SPF50 WATER RESISTANT (80 MINUTES) MINERAL SUNSCREEN UVA UVB PROTECTION STICK FOR KIDS (ZINC OXIDE) STICK [ARUBA ALOE BALM NV],https://dailymed.nlm.nih.gov/dailymed/drugInfo.cfm?setid=25f060eb-628c-4a11-b1d7-06922ee86b24,SPORT BROAD SPECTRUM SPF50 WATER RESISTANT 80 MINUTES MINERAL SUNSCREEN UVA UVB PROTECTION STICK (ZINC OXIDE) STICK [ARUBA ALOE BALM NV],https://dailymed.nlm.nih.gov/dailymed/drugInfo.cfm?setid=3201cc8b-5fee-4f3b-a826-e349786d1b32,yes
"COPPERTONE KIDS SPORT SPF 60 SUNSCREEN (AVOBENZONE 3%, HOMOSALATE 15%, OCTISALATE 5%, OCTOCRYLENE 10%) AEROSOL, SPRAY [BEIERSDORF INC]",https://dailymed.nlm.nih.gov/dailymed/drugInfo.cfm?setid=23fb7304-789d-1f94-e063-6394a90a7e62,"COPPERTONE SUNSCREEN SPF 60 (AVOBENZONE 3%, HOMOSALATE 15%, OCTISALATE 5%, OCTOCRYLENE 10%) AEROSOL, SPRAY [BEIERSDORF INC]",https://dailymed.nlm.nih.gov/dailymed/drugInfo.cfm?setid=24d3fbbc-0bce-b47a-e063-6394a90a9afa,yes
"COTZ KIDS MINERAL SUN STICK (TITANIUM DIOXIDE, ZINC OXIDE) STICK [FALLIEN COSMECEUTICALS, LTD]",https://dailymed.nlm.nih.gov/dailymed/drugInfo.cfm?setid=2f7225d0-ddfa-e19a-e063-6294a90a52a8,"GLOW STICK (TITANIUM DIOXIDE, ZINC OXIDE) STICK [SKIN APEEL, INC.]",https://dailymed.nlm.nih.gov/dailymed/drugInfo.cfm?setid=3c54b857-c017-a953-e063-6394a90a38df,no
"DERMA SOLEIL KIDS NATURAL SUNBLOCK SPF 30 (OCTOCRYLENE, OCTYL METHOXYCINNAMATE, OCTYL SALICYLATE, OXYBENZONE) LOTION [DERMA SOLEIL]",https://dailymed.nlm.nih.gov/dailymed/drugInfo.cfm?setid=5512778c-1e08-4545-e054-00144ff8d46c,"DESERVING HEALTH NATURAL AGE-FREE FACIAL SUNBLOCK (OCTOCRYLENE, OCTYL METHOXYCINNAMATE, OCTYL SALICYLATE, OXYBENZONE) LOTION [DESERVING HEALTH INTERNATIONAL CORP]",https://dailymed.nlm.nih.gov/dailymed/drugInfo.cfm?setid=54cc5082-6153-5276-e054-00144ff88e88,no
"DERMA SOLEIL KIDS NATURAL SUNBLOCK SPF 30 (OCTOCRYLENE, OCTYL METHOXYCINNAMATE, OCTYL SALICYLATE, OXYBENZONE) LOTION [DERMA SOLEIL]",https://dailymed.nlm.nih.gov/dailymed/drugInfo.cfm?setid=5512778c-1e08-4545-e054-00144ff8d46c,"DESERVING HEALTH NATURAL SUNBLOCK (OCTOCRYLENE, OCTYL METHOXYCINNAMATE, OCTYL SALICYLATE, OXYBENZONE) LOTION [DESERVING HEALTH INTERNATIONAL CORP]",https://dailymed.nlm.nih.gov/dailymed/drugInfo.cfm?setid=54d5fc04-55a7-491b-e054-00144ff8d46c,no
"DERMA SOLEIL KIDS NATURAL SUNBLOCK SPF 30 (OCTOCRYLENE, OCTYL METHOXYCINNAMATE, OCTYL SALICYLATE, OXYBENZONE) LOTION [DERMA SOLEIL]",https://dailymed.nlm.nih.gov/dailymed/drugInfo.cfm?setid=5512778c-1e08-4545-e054-00144ff8d46c,"DERMA SOLEIL NATURAL AGE-FREE FACIAL SUNBLOCK SPF 30 (OCTOCRYLENE, OCTYL METHOXYCINNAMATE, OCTYL SALICYLATE, OXYBENZONE) LOTION [DERMA SOLEIL]",https://dailymed.nlm.nih.gov/dailymed/drugInfo.cfm?setid=55118d3e-11fb-6345-e054-00144ff88e88,yes
"DERMA SOLEIL KIDS NATURAL SUNBLOCK SPF 30 (OCTOCRYLENE, OCTYL METHOXYCINNAMATE, OCTYL SALICYLATE, OXYBENZONE) LOTION [DERMA SOLEIL]",https://dailymed.nlm.nih.gov/dailymed/drugInfo.cfm?setid=5512778c-1e08-4545-e054-00144ff8d46c,"DERMA SOLEIL DRY SPORT SPF 30 (OCTOCRYLENE, OCTYL METHOXYCINNAMATE, OCTYL SALICYLATE, OXYBENZONE) LOTION [DERMA SOLEIL]",https://dailymed.nlm.nih.gov/dailymed/drugInfo.cfm?setid=55135e2c-52e8-3e36-e054-00144ff8d46c,yes
"DERMA SOLEIL KIDS NATURAL SUNBLOCK SPF 30 (OCTOCRYLENE, OCTYL METHOXYCINNAMATE, OCTYL SALICYLATE, OXYBENZONE) LOTION [DERMA SOLEIL]",https://dailymed.nlm.nih.gov/dailymed/drugInfo.cfm?setid=5512778c-1e08-4545-e054-00144ff8d46c,"DERMA SOLEIL NATURAL SUNBLOCK SPF 30 (OCTOCRYLENE, OCTYL METHOXYCINNAMATE, OCTYL SALICYLATE, OXYBENZONE) LOTION [DERMA SOLEIL]",https://dailymed.nlm.nih.gov/dailymed/drugInfo.cfm?setid=5514545e-34e0-4500-e054-00144ff88e88,yes
"DERMA SOLEIL KIDS NATURAL SUNBLOCK SPF 45 (OCTOCRYLENE, OCTYL METHOXYCINNAMATE, OCTYL SALICYLATE, OXYBENZONE) LOTION [DERMA SOLEIL]",https://dailymed.nlm.nih.gov/dailymed/drugInfo.cfm?setid=5512bc12-fe9d-1398-e054-00144ff88e88,"DESERVING HEALTH NATURAL SUNBLOCK (OCTOCRYLENE, OCTYL METHOXYCINNAMATE, OCTYL SALICYLATE, OXYBENZONE) LOTION [DESERVING HEALTH INTERNATIONAL CORP]",https://dailymed.nlm.nih.gov/dailymed/drugInfo.cfm?setid=54d641c7-d33d-4d5b-e054-00144ff88e88,no
"DERMA SOLEIL KIDS NATURAL SUNBLOCK SPF 45 (OCTOCRYLENE, OCTYL METHOXYCINNAMATE, OCTYL SALICYLATE, OXYBENZONE) LOTION [DERMA SOLEIL]",https://dailymed.nlm.nih.gov/dailymed/drugInfo.cfm?setid=5512bc12-fe9d-1398-e054-00144ff88e88,"DERMA SOLEIL NATURAL SUNBLOCK SPF 45 (OCTOCRYLENE, OCTYL METHOXYCINNAMATE, OCTYL SALICYLATE, OXYBENZONE) LOTION [DERMA SOLEIL]",https://dailymed.nlm.nih.gov/dailymed/drugInfo.cfm?setid=55140bff-58de-3ae2-e054-00144ff88e88,yes
DUANE READE BABY SUNSCREENSPF 50 SPF 50 (AVOBENZONE) LOTION [DUANE READE INC.],https://dailymed.nlm.nih.gov/dailymed/drugInfo.cfm?setid=5e017f81-9f3b-4feb-9b7a-52b3a2420b54,DUANE READE SUNSCREEN SPF 50 (AVOBENZONE) LOTION [DUANE READE INC.],https://dailymed.nlm.nih.gov/dailymed/drugInfo.cfm?setid=fa604ecb-fe79-4779-bd81-9c3e60a24dcb,yes
ECOZINC KIDS NATURAL MINERAL SUNSCREEN SPF50 (ZINC OXIDE SUNSCREEN) CREAM [VEGANIC SKN LIMITED],https://dailymed.nlm.nih.gov/dailymed/drugInfo.cfm?setid=44615ae4-8206-122d-e063-6294a90a0b2c,LOTUS HARMONY - QUINN SHIELD SUNSCREEN SPF50 (ZINC OXIDE SUNSCREEN) CREAM [VEGANIC SKN LIMITED],https://dailymed.nlm.nih.gov/dailymed/drugInfo.cfm?setid=4ae73d23-1118-716c-e063-6394a90a68c7,yes
ECOZINC KIDS NATURAL MINERAL SUNSCREEN SPF50 (ZINC OXIDE SUNSCREEN) CREAM [VEGANIC SKN LIMITED],https://dailymed.nlm.nih.gov/dailymed/drugInfo.cfm?setid=44615ae4-8206-122d-e063-6294a90a0b2c,LEKURA - ZINCDAILY NATURAL FACE SUNSCREEN SPF50 (ZINC OXIDE SUNSCREEN) CREAM [VEGANIC SKN LIMITED],https://dailymed.nlm.nih.gov/dailymed/drugInfo.cfm?setid=4c2bed23-f77b-2c97-e063-6394a90a4ca5,yes
"EQUATE SUNSCREEN KIDS SPF50 BROAD SPECTRUM (AVOBENZONE, HOMOSALATE, OCTISALATE, OCTOCRYLENE) SPRAY [WAL-MART STORES INC]",https://dailymed.nlm.nih.gov/dailymed/drugInfo.cfm?setid=17e9bcaa-77b5-45da-ab77-5563070e0af2,"BIG LOTS SOUNDBODY SPF 50 SPORT SUNSCREEN (AVOBENZONE, HOMOSALATE, OCTISALATE, OCTOCRYLENE) SPRAY [BIG LOTS STORES, INC.]",https://dailymed.nlm.nih.gov/dailymed/drugInfo.cfm?setid=c8c1c904-12f5-48e0-e053-2a95a90a9f75,no
EVEREDEN KIDS COOLING MINERAL SUNSTICK SPF30 (ZINC OXIDE) STICK [EDEN BRANDS INC.],https://dailymed.nlm.nih.gov/dailymed/drugInfo.cfm?setid=521afa81-737f-81d4-e063-6394a90ad307,EVEREDEN COOLING MINERAL SUNSTICK SPF 30 (ZINC OXIDE) STICK [EDEN BRANDS INC.],https://dailymed.nlm.nih.gov/dailymed/drugInfo.cfm?setid=4af9e668-0d88-74ad-e063-6394a90a5243,yes
"H.E.B (SPF 50 SUNSCREEN) AEROSOL, SPRAY [H.E.B]",https://dailymed.nlm.nih.gov/dailymed/drugInfo.cfm?setid=39bf1379-3dee-4aa0-967a-36faccca4216,"H.E.B (SPF 50 SUNSCREEN) AEROSOL, SPRAY [H.E.B]",https://dailymed.nlm.nih.gov/dailymed/drugInfo.cfm?setid=2c9258ac-8cbe-4acf-9c02-bb993d69a3e5,yes
HELLO BELLO KIDS MINERAL SUNSCREEN (ZINC OXIDE TITANIUM OXIDE) LOTION [HELLO BELLO],https://dailymed.nlm.nih.gov/dailymed/drugInfo.cfm?setid=3e7a3e8e-eacf-0a30-e063-6294a90ab7ec,ZINC OXIDE TITANIUM OXIDE LOTION [HELLO BELLO],https://dailymed.nlm.nih.gov/dailymed/drugInfo.cfm?setid=3e66c234-a152-098e-e063-6394a90ab540,yes
HELLO BELLO KIDS MINERAL SUNSCREEN (ZINC OXIDE TITANIUM OXIDE) LOTION [HELLO BELLO],https://dailymed.nlm.nih.gov/dailymed/drugInfo.cfm?setid=3e7a3e8e-eacf-0a30-e063-6294a90ab7ec,ZINC OXIDE TITANIUM OXIDE LOTION [HELLO BELLO],https://dailymed.nlm.nih.gov/dailymed/drugInfo.cfm?setid=3e89d30e-b6cd-fabe-e063-6294a90a30ff,yes
"KIDS 50 SPF50 (TITANIUM DIOXIDE, ZINC OXIDE) LOTION [CROSSING CULTURES LLC DBA GODDESS GARDEN]",https://dailymed.nlm.nih.gov/dailymed/drugInfo.cfm?setid=6a0f2536-6498-1dc7-e053-2a91aa0a57ab,"EVERYDAY 50 SPF50 (TITANIUM DIOXIDE, ZINC OXIDE) LOTION [CROSSING CULTURES LLC DBA GODDESS GARDEN]",https://dailymed.nlm.nih.gov/dailymed/drugInfo.cfm?setid=6751dabb-5cf7-e380-e053-2991aa0acf51,yes
KIDS SPF 50 (AVOBENZONE 3% HOMOSALATE 10% OCTISALATE 5% OCTOCRYLENE 4% OXYBENZONE 5%) SPRAY [TOPCARE],https://dailymed.nlm.nih.gov/dailymed/drugInfo.cfm?setid=298b2aa5-de4a-4507-a304-6e63dbb957f9,SPORT SPF 50 DAYLOGIC (AVOBENZONE 3% HOMOSALATE 10% OCTISALATE 5% OCTOCRYLENE 4% OXYBENZONE 5%) SPRAY [RITE AID],https://dailymed.nlm.nih.gov/dailymed/drugInfo.cfm?setid=4c1af3af-2d68-408d-8cd8-a59371d204f5,no
KIDS SPF 50 (AVOBENZONE 3% HOMOSALATE 10% OCTISALATE 5% OCTOCRYLENE 4% OXYBENZONE 5%) SPRAY [TOPCARE],https://dailymed.nlm.nih.gov/dailymed/drugInfo.cfm?setid=298b2aa5-de4a-4507-a304-6e63dbb957f9,SPORT SUNSCREEN SPF 50 (AVOBENZONE 3% HOMOSALATE 10% OCTISALATE 5% OCTOCRYLENE 4% OXYBENZONE 5%) SPRAY [TOPCARE],https://dailymed.nlm.nih.gov/dailymed/drugInfo.cfm?setid=529d119d-6c90-4578-8194-20630925debe,yes
KIDS SUNSCREEN SPF 50 (AVOBENZONE 3.0% HOMOSALATE 15.0% OCTISALATE 5.0% OCTOCRYLENE 10.0%) SPRAY [WEGMAN],https://dailymed.nlm.nih.gov/dailymed/drugInfo.cfm?setid=0c596b1d-8c23-4598-8b6f-95e1679069b9,SPORT SUNSCREEN SPF 50 (AVOBENZONE 3.0% HOMOSALATE 15.0% OCTISALATE 5.0% OCTOCRYLENE 10.0%) SPRAY [WEGMAN],https://dailymed.nlm.nih.gov/dailymed/drugInfo.cfm?setid=a3eb24e1-ecc7-40ab-98c0-a2dfb6aaece9,yes
KIDSTICK MINERAL BROAD SPECTRUM SPF 40 SUNSCREEN UVA-UVB SUNSCREEN (TITANIUM DIOXIDE AND ZINC OXIDE) STICK [MDSOLARSCIENCES],https://dailymed.nlm.nih.gov/dailymed/drugInfo.cfm?setid=9a81efaf-9765-4991-81a4-706d204545b3,MINERAL SUNSCREEN BROAD SPECTRUM SPF 40 SUNSCREEN UVA-UVB SUNSCREEN (TITANIUM DIOXIDE AND ZINC OXIDE) STICK [MDSOLARSCIENCES],https://dailymed.nlm.nih.gov/dailymed/drugInfo.cfm?setid=bce5be25-a7f8-4cea-a6a9-c2e9ac5dad6a,yes
"KINESYS BROAD SPECTRUM SPF 30 KIDS ALCOHOL-FREE SUNSCREEN (OCTINOXATE, OCTOCRYLENE, OCTISALATE, AND AVOBENZONE) SPRAY [WILC HEALTHCARE INC]",https://dailymed.nlm.nih.gov/dailymed/drugInfo.cfm?setid=9adea1a4-efa6-4fe1-85e8-ed69fa098a87,"KINESYS BROAD SPECTRUM SPF 30 ALCOHOL-FREE PERFORMANCE SUNSCREEN - FRAGRANCE FREE (OCTINOXATE, OCTOCRYLENE, OCTISALATE, AND AVOBENZONE) SPRAY [WILC HEALTHCARE INC]",https://dailymed.nlm.nih.gov/dailymed/drugInfo.cfm?setid=e0949325-7de1-4da4-82b6-8004916412a0,yes
"KISS MY FACE KIDS 30 MINERAL SUNSCREEN (TITANIUM DIOXIDE) SPRAY [WINDMILL HEALTH PRODUCTS, LLC]",https://dailymed.nlm.nih.gov/dailymed/drugInfo.cfm?setid=f843ddfe-1a5f-4b9d-bf2f-378187c1f6ec,"KISS MY FACE COOL SPORT 30 MINERAL SUNSCREEN (TITANIUM DIOXIDE) SPRAY [WINDMILL HEALTH PRODUCTS, LLC]",https://dailymed.nlm.nih.gov/dailymed/drugInfo.cfm?setid=57989817-ddc9-4ccd-ba74-ea04d4e3dd7a,yes
KROGER BABY SUNSCREEN SPF 70 (AVOBENZONE HOMOSALATE OCTISALATE OCTOCRYLENE OXYBENZONE) LOTION [THE KROGER CO],https://dailymed.nlm.nih.gov/dailymed/drugInfo.cfm?setid=01a50047-0d07-41c5-b35b-129aab5b4afd,"SELECT BRAND SUNSCREEN (AVOBENZONE, HOMOSALATE, OCTISALATE, OCTOCRYLENE, OXYBENZONE) LOTION [SELECT BRAND DISTRIBUTORS]",https://dailymed.nlm.nih.gov/dailymed/drugInfo.cfm?setid=7c1e0998-74b8-45fe-a03a-17c431322d47,no
KROGER BABY SUNSCREEN SPF 70 (AVOBENZONE HOMOSALATE OCTISALATE OCTOCRYLENE OXYBENZONE) LOTION [THE KROGER CO],https://dailymed.nlm.nih.gov/dailymed/drugInfo.cfm?setid=01a50047-0d07-41c5-b35b-129aab5b4afd,RITE AID SUNSCREEN (AVOBENZONE HOMOSALATE OCTISALATE OCTOCRYLENE OXYBENZONE) LOTION [RITE AID CORPORATION],https://dailymed.nlm.nih.gov/dailymed/drugInfo.cfm?setid=812d3c39-91fe-45a5-960f-7ae3e98a2943,no
"MARKET BASKET KIDS SPF 50 SUNSCREEN (AVOBENZONE, HOMOSALATE, OCTISALATE, OCTOCRYLENE) AEROSOL, SPRAY [DEMOULAS SUPER MARKETS, INC.]",https://dailymed.nlm.nih.gov/dailymed/drugInfo.cfm?setid=a6a381da-6e34-bffe-e053-2a95a90a46f2,"SPF 50 SUNSCREEN (AVOBENZONE, HOMOSALATE, OCTISALATE, OCTOCRYLENE) AEROSOL, SPRAY [DEMOULAS SUPER MARKETS, INC]",https://dailymed.nlm.nih.gov/dailymed/drugInfo.cfm?setid=ee782436-9eff-49e4-8edc-fd9783454c07,yes
"MARKET BASKET KIDS SPF 50 SUNSCREEN (AVOBENZONE, HOMOSALATE, OCTISALATE, OCTOCRYLENE) AEROSOL, SPRAY [DEMOULAS SUPER MARKETS, INC.]",https://dailymed.nlm.nih.gov/dailymed/drugInfo.cfm?setid=a6a381da-6e34-bffe-e053-2a95a90a46f2,"CVS HEALTH SPORT SPF 50 CLEAR SUNSCREEN (AVOBENZONE, HOMOSALATE, OCTISALATE, OCTOCRYLENE) AEROSOL, SPRAY [CVS PHARMACY]",https://dailymed.nlm.nih.gov/dailymed/drugInfo.cfm?setid=f13f7361-56b3-7ea8-e053-2995a90a7641,no
"MARKET BASKET KIDS SPF 50 SUNSCREEN (AVOBENZONE, HOMOSALATE, OCTISALATE, OCTOCRYLENE) AEROSOL, SPRAY [DEMOULAS SUPER MARKETS, INC.]",https://dailymed.nlm.nih.gov/dailymed/drugInfo.cfm?setid=a6a381da-6e34-bffe-e053-2a95a90a46f2,"EQUALINE SPORT CONTINUOUS SUNSCREEN SPF 50 (AVOBENZONE, HOMOSALATE, OCTISALATE, OCTOCRYLENE) AEROSOL, SPRAY [UNITED NATURAL FOODS, INC. DBA UNFI]",https://dailymed.nlm.nih.gov/dailymed/drugInfo.cfm?setid=f13feba4-25d8-61d0-e053-2995a90aafa8,no
"MINERAL BASED SPF 50 SUNSCREEN (ZINC OXIDE, TITANIUM DIOXIDE) STICK [THE KROGER COMPANY]",https://dailymed.nlm.nih.gov/dailymed/drugInfo.cfm?setid=a4e6936d-a76c-e8fd-e053-2995a90a965f,"MINERAL SUNSCREEN SPF 50 (ZINC OXIDE, TITANIUM DIOXIDE) STICK [TOPCO ASSOCIATES LLC]",https://dailymed.nlm.nih.gov/dailymed/drugInfo.cfm?setid=bfe076fa-f21f-2c46-e053-2a95a90acee4,no
"MINERAL BASED SPF 50 SUNSCREEN (ZINC OXIDE, TITANIUM DIOXIDE) STICK [THE KROGER COMPANY]",https://dailymed.nlm.nih.gov/dailymed/drugInfo.cfm?setid=a4e6936d-a76c-e8fd-e053-2995a90a965f,"MINERAL SUNSCREEN SPF 50 (ZINC OXIDE, TITANIUM DIOXIDE) STICK [WEGMANS FOOD MARKETS INC]",https://dailymed.nlm.nih.gov/dailymed/drugInfo.cfm?setid=bfe24f55-d0e5-254a-e053-2995a90a2fd3,no
MINERAL KIDSTICK SPF 40 MINERAL BROAD SPECTRUM SPF 40 SUNSCREEN UVA-UVB SUNCREEN (TITANIUM DIOXIDE AND ZINC OXIDE) STICK [MDSOLARSCIENCES],https://dailymed.nlm.nih.gov/dailymed/drugInfo.cfm?setid=4c7f0257-fa12-40d6-9516-824b0e3a182c,SOLAR SPF 40 BROAD SPECTRUM SPF 40 WATER RESISTANT (80 MIN) MINERAL SUNCREEN (TITANIUM DIOXIDE AND ZINC OXIDE) STICK [MDSOLARSCIENCES],https://dailymed.nlm.nih.gov/dailymed/drugInfo.cfm?setid=6ce602bb-c1f4-43c1-ae61-0f05d7952db3,yes
"NO-AD KIDS 50 SUNSCREEN (AVOBENZONE, HOMOSALATE, OCTISALATE, OCTOCRYLENE AND OXYBENZONE) LOTION [SOLSKYN PERSONAL CARE LLC]",https://dailymed.nlm.nih.gov/dailymed/drugInfo.cfm?setid=83ca8297-bf11-4ee6-a918-d007fbc74b00,"NO-AD 45 SUNSCREEN (AVOBENZONE, HOMOSALATE, OCTISALATE, OCTOCRYLENE AND OXYBENZONE) LOTION [SOLSKYN PERSONAL CARE LLC]",https://dailymed.nlm.nih.gov/dailymed/drugInfo.cfm?setid=9751f04c-8d1a-4bf3-80b0-372751a23839,yes
RITE AID BABY SUNSCREEN (AVOBENZONE HOMOSALATE OCTISALATE OCTOCRYLENE OXYBENZONE) LOTION [RITE AID CORPORATION],https://dailymed.nlm.nih.gov/dailymed/drugInfo.cfm?setid=08e31964-612b-48fb-b3a8-77922aa1c7b8,WALGREENS SUNSCREEN SPF 50 (AVOBENZONE HOMOSALATE OCTISALATE OCTOCRYLENE OXYBENZONE) LOTION [WALGREEN CO.],https://dailymed.nlm.nih.gov/dailymed/drugInfo.cfm?setid=65b1a431-bb64-430c-bb6b-4b6b3cb445bf,no
RITE AID BABY SUNSCREEN (AVOBENZONE HOMOSALATE OCTISALATE OCTOCRYLENE OXYBENZONE) LOTION [RITE AID CORPORATION],https://dailymed.nlm.nih.gov/dailymed/drugInfo.cfm?setid=08e31964-612b-48fb-b3a8-77922aa1c7b8,"PETER ISLAND SUNSCREENSPF 50 SPF 50 (HOMOSALATE, OXYBENZONE, OCTISALATE, AVOBENZONE, OCTOCRYLENE) LOTION [ACCESS BUSINESS GROUP LLC]",https://dailymed.nlm.nih.gov/dailymed/drugInfo.cfm?setid=8f15432a-38ae-42ec-b9f9-e5b42298e3e4,no
RITE AID BABY SUNSCREEN (AVOBENZONE HOMOSALATE OCTISALATE OCTOCRYLENE OXYBENZONE) LOTION [RITE AID CORPORATION],https://dailymed.nlm.nih.gov/dailymed/drugInfo.cfm?setid=08e31964-612b-48fb-b3a8-77922aa1c7b8,"PUBLIX SPF 50 (AVOBENZONE, HOMOSALATE, OCTISALATE, OCTOCRYLENE, OXYBENZONE) LOTION [PUBLIX SUPER MARKETS INC]",https://dailymed.nlm.nih.gov/dailymed/drugInfo.cfm?setid=9a0a1a55-7184-48f4-80bf-b94bdd8d6815,no
RITE AID BABY SUNSCREEN (AVOBENZONE HOMOSALATE OCTISALATE OCTOCRYLENE OXYBENZONE) LOTION [RITE AID CORPORATION],https://dailymed.nlm.nih.gov/dailymed/drugInfo.cfm?setid=08e31964-612b-48fb-b3a8-77922aa1c7b8,"PETER ISLAND SUNSCREEN SPF 50 (HOMOSALATE, OXYBENZONE, OCTISALATE, AVOBENZONE, OCTOCRYLENE) LOTION [AMWAY CORP.]",https://dailymed.nlm.nih.gov/dailymed/drugInfo.cfm?setid=c9490f30-f329-4d7d-836d-2731c244ebc9,no
RITE AID BABY SUNSCREEN (AVOBENZONE HOMOSALATE OCTISALATE OCTOCRYLENE OXYBENZONE) LOTION [RITE AID CORPORATION],https://dailymed.nlm.nih.gov/dailymed/drugInfo.cfm?setid=08e31964-612b-48fb-b3a8-77922aa1c7b8,"SELECT BRAND SUNSCREEN (AVOBENZONE, HOMOSALATE, OCTISALATE, OCTOCRYLENE, OXYBENZONE) LOTION [SELECT BRAND DISTRIBUTORS]",https://dailymed.nlm.nih.gov/dailymed/drugInfo.cfm?setid=f789a746-9e4b-4c31-b04b-9c723a829b65,no
RITE AID RENEWAL BABY SUNSCREEN SPF 60 (TITANIUM DIOXIDE ZINC OXIDE) LOTION [RITE AID CORPORATION],https://dailymed.nlm.nih.gov/dailymed/drugInfo.cfm?setid=416b804d-bebf-4c5c-9990-4e830dd37153,PETER ISLAND NATURAL MINERALSPF 60 SPF 60 (TITANIUM DIOXIDE ZINC OXIDE) LOTION [ACCESS BUSINESS GROUP LLC],https://dailymed.nlm.nih.gov/dailymed/drugInfo.cfm?setid=6a42a670-f222-483c-a600-06e04957402f,no
RITE AID RENEWAL KIDS SPF 50 (AVOBENZONE HOMOSALATE OCTISALATE OCTOCRYLENE OXYBENZONE) LOTION [RITE AID CORPORATION],https://dailymed.nlm.nih.gov/dailymed/drugInfo.cfm?setid=04d0a26b-5004-435c-81ba-87847c1dd2d9,RITE AID RENEWAL ESSENTIAL DEFENSE SPF 50 (AVOBENZONE HOMOSALATE OCTISALATE OCTOCRYLENE OXYBENZONE) LOTION [RITE AID CORPORATION],https://dailymed.nlm.nih.gov/dailymed/drugInfo.cfm?setid=12d49ae3-e160-418f-81c4-9b8de7bde9cd,yes
"SAFE SEA FOR KIDS SUNSCREEN WITH JELLYFISH STING PROTECTIVE SPF 30 PLUS (OCTINOXATE, OCTISALATE, OXYBENZONE, TITANIUM DIOXIDE) LOTION [NIDARIA TECHNOLOGY LTD.]",https://dailymed.nlm.nih.gov/dailymed/drugInfo.cfm?setid=a2ac325f-6760-41fa-a635-11852fd70209,"SAFE SEA SUNSCREEN WITH JELLYFISH STING PROTECTIVE SPF 30 (OCTINOXATE, OCTISALATE, OXYBENZONE, TITANIUM DIOXIDE) LOTION [NIDARIA TECHNOLOGY LTD.]",https://dailymed.nlm.nih.gov/dailymed/drugInfo.cfm?setid=244e26cb-1f14-4b40-99b1-1b0d32785b94,yes
"SAFE SEA SPF 50 KIDS (HOMOSALATE, OCTOCRYLENE, OCTISALATE, AVOBENZONE) LOTION [NIDARIA TECHNOLOGY LTD]",https://dailymed.nlm.nih.gov/dailymed/drugInfo.cfm?setid=3fa04557-2bc1-4eb4-aed8-eacc79189613,"SAFE SEA SPF 50 (HOMOSALATE, OCTOCRYLENE, OCTISALATE, AVOBENZONE) LOTION [NIDARIA TECHNOLOGY LTD]",https://dailymed.nlm.nih.gov/dailymed/drugInfo.cfm?setid=53df3126-1136-490a-b339-5876ce89499e,yes
"SPF 70 KIDS SUNSCREEN (AVOBENZONE, HOMOSALATE, OCTISALATE, OCTOCRYLENE) SPRAY [DERMA CARE RESEARCH LABS, LLC]",https://dailymed.nlm.nih.gov/dailymed/drugInfo.cfm?setid=0aadc378-dc34-9a37-e063-6294a90ad49e,"SPF 70 SUNSCREEN (AVOBENZONE, HOMOSALATE, OCTISALATE, OCTOCRYLENE) SPRAY [DERMA CARE RESEARCH LABS, LLC]",https://dailymed.nlm.nih.gov/dailymed/drugInfo.cfm?setid=0aad5ced-f356-e294-e063-6394a90aa8d5,yes
SUN ZAPPER - BABY PURE ZINC SUNSCREEN SPF30 (ZINC OXIDE SUNSCREEN) CREAM [VEGANIC SKN LIMITED],https://dailymed.nlm.nih.gov/dailymed/drugInfo.cfm?setid=3ee52faa-64a8-4bdf-e063-6294a90a65cf,SUN ZAPPER - FACE PURE ZINC SUNSCREEN SPF30 (ZINC OXIDE SUNSCREEN) CREAM [VEGANIC SKN LIMITED],https://dailymed.nlm.nih.gov/dailymed/drugInfo.cfm?setid=3ee4feb3-6966-67f9-e063-6394a90a16d5,yes
SUN ZAPPER - BABY PURE ZINC SUNSCREEN SPF30 (ZINC OXIDE SUNSCREEN) CREAM [VEGANIC SKN LIMITED],https://dailymed.nlm.nih.gov/dailymed/drugInfo.cfm?setid=3ee52faa-64a8-4bdf-e063-6294a90a65cf,SUN ZAPPER - ANTI-AGEING PURE ZINC SUNSCREEN SPF30 (ZINC OXIDE SUNSCREEN) CREAM [VEGANIC SKN LIMITED],https://dailymed.nlm.nih.gov/dailymed/drugInfo.cfm?setid=3f1dc3b2-c289-5996-e063-6394a90ac622,yes
SUNSCREEN BABY SPF30 PLUS BROAD SPECTRUM (ZINC OXIDE ) LOTION [UV NATURAL INTERNATIONAL PTY LTD],https://dailymed.nlm.nih.gov/dailymed/drugInfo.cfm?setid=0c285349-62e0-40a4-93c8-11abb65e6f4d,SUNSCREEN SPF30 PLUS BROAD SPECTRUM (ZINC OXIDE ) LOTION [UV NATURAL INTERNATIONAL PTY LTD],https://dailymed.nlm.nih.gov/dailymed/drugInfo.cfm?setid=c5be545c-99c4-420b-8f50-150cbc76303f,yes
"SUNSCREEN FOR KIDS SPF 50 (AVOBENZONE, HOMOSALATE, OCTISALATE) SPRAY [THE KROGER CO.]",https://dailymed.nlm.nih.gov/dailymed/drugInfo.cfm?setid=1c7cd904-ffff-48aa-91bd-cc978946b36a,"SPORT SUNSCREEN SPF 50 (AVOBENZONE, HOMOSALATE, OCTISALATE) SPRAY [RETAIL BUSINESS SERVICES, LLC]",https://dailymed.nlm.nih.gov/dailymed/drugInfo.cfm?setid=15bf22f5-a8f5-44bb-b787-2b762b330d61,no
"SUNSCREEN FOR KIDS SPF 50 (AVOBENZONE, HOMOSALATE, OCTISALATE) SPRAY [THE KROGER CO.]",https://dailymed.nlm.nih.gov/dailymed/drugInfo.cfm?setid=1c7cd904-ffff-48aa-91bd-cc978946b36a,"AVOBENZONE, HOMOSALATE, OCTISALATE SPRAY [OLD EAST MAIN CO.]",https://dailymed.nlm.nih.gov/dailymed/drugInfo.cfm?setid=1a53d8d5-e650-4825-8a3b-7cf42c36e3e5,no
"SUNSCREEN FOR KIDS SPF 50 (AVOBENZONE, HOMOSALATE, OCTISALATE) SPRAY [THE KROGER CO.]",https://dailymed.nlm.nih.gov/dailymed/drugInfo.cfm?setid=1c7cd904-ffff-48aa-91bd-cc978946b36a,"SPORT SUNSCREEN SPF 50 (AVOBENZONE, HOMOSALATE, OCTISALATE) SPRAY [THE KROGER CO.]",https://dailymed.nlm.nih.gov/dailymed/drugInfo.cfm?setid=22aa46af-5d0f-4256-8f45-be06f6627561,yes
"SUNSCREEN FOR KIDS SPF 50 (AVOBENZONE, HOMOSALATE, OCTISALATE) SPRAY [THE KROGER CO.]",https://dailymed.nlm.nih.gov/dailymed/drugInfo.cfm?setid=1c7cd904-ffff-48aa-91bd-cc978946b36a,"AVOBENZONE, HOMOSALATE, OCTISALATE SPRAY [OLD EAST MAIN CO.]",https://dailymed.nlm.nih.gov/dailymed/drugInfo.cfm?setid=4a0cab2d-3c73-4b0b-b0c4-f72b1a0de1cf,no
"SUNSCREEN FOR KIDS SPF 50 (AVOBENZONE, HOMOSALATE, OCTISALATE) SPRAY [THE KROGER CO.]",https://dailymed.nlm.nih.gov/dailymed/drugInfo.cfm?setid=1c7cd904-ffff-48aa-91bd-cc978946b36a,"AVOBENZONE, HOMOSALATE, OCTISALATE SPRAY [NICE-PAK PRODUCTS, LLC]",https://dailymed.nlm.nih.gov/dailymed/drugInfo.cfm?setid=af052521-bfa6-4142-a10b-ef51f474a077,no
"SUNSCREEN FOR KIDS SPF 50 (AVOBENZONE, HOMOSALATE, OCTISALATE) SPRAY [THE KROGER CO.]",https://dailymed.nlm.nih.gov/dailymed/drugInfo.cfm?setid=1c7cd904-ffff-48aa-91bd-cc978946b36a,"SPORT SUNSCREEN SPF 50 (AVOBENZONE, HOMOSALATE, OCTISALATE) SPRAY [HARRIS TEETER]",https://dailymed.nlm.nih.gov/dailymed/drugInfo.cfm?setid=b83ea476-fa32-4405-9ae3-f294836edb62,no
"SUNSCREEN FOR KIDS SPF 50 (AVOBENZONE, HOMOSALATE, OCTISALATE) SPRAY [THE KROGER CO.]",https://dailymed.nlm.nih.gov/dailymed/drugInfo.cfm?setid=1c7cd904-ffff-48aa-91bd-cc978946b36a,"AVOBENZONE, HOMOSALATE, OCTISALATE SPRAY [MEIJER, INC.]",https://dailymed.nlm.nih.gov/dailymed/drugInfo.cfm?setid=faeef8a6-2aaa-47dc-8b02-4c17c03f2fbc,no
"SUNTONE KIDS BROAD SPECTRUM SPF 50 SUNSCREEN (AVOBENZONE, HOMOSALATE, OCTISALATE, OCTOCRYLENE, AND OXYBENZONE) LOTION [PRIME ENTERPRISES INC.]",https://dailymed.nlm.nih.gov/dailymed/drugInfo.cfm?setid=2b86fb9f-3eac-533b-e054-00144ff8d46c,"SOLMATE BROAD SPECTRUM SPF 50 SPORT SUNSCREEN (AVOBENZONE, HOMOSALATE, OCTISALATE, OCTOCRYLENE AND OXYBENZONE) LOTION [PRIME ENTERPRISES INC.]",https://dailymed.nlm.nih.gov/dailymed/drugInfo.cfm?setid=2c9fb0c3-d4fd-31fb-e054-00144ff88e88,yes
"THINKBABY SUNSCREEN SPF 30 (ZINC OXIDE) STICK [THINKOPERATIONS,LLC]",https://dailymed.nlm.nih.gov/dailymed/drugInfo.cfm?setid=86249f33-e635-4455-a039-3a25aa3478df,"THINKSPORT SUNSCREEN SPF 30 (ZINC OXIDE) STICK [THINKOPERATIONS,LLC]",https://dailymed.nlm.nih.gov/dailymed/drugInfo.cfm?setid=a8591509-65f7-4e62-8642-4b8e63f1fef3,yes
"ULTRASOL SUNSCREEN (AVOBENZONE, HOMOSALATE, OCTINOXATE, OCTISALATE, OCTOCRYLENE, OXYBENZONE) AEROSOL, SPRAY [FISCHER PHARMACEUTICALS LTD]",https://dailymed.nlm.nih.gov/dailymed/drugInfo.cfm?setid=b3515c77-a408-40d7-8254-fe3e6a3e4fac,"ULTRASOL SUNSCREEN SPF45 (AVOBENZONE, HOMOSALATE, OCTINOXATE, OCTISALATE, OCTOCRYLENE, OXYBENZONE) AEROSOL, SPRAY [FISCHER PHARMACEUTICALS LTD]",https://dailymed.nlm.nih.gov/dailymed/drugInfo.cfm?setid=a33c156d-0904-42b9-bc04-157559c7fe00,yes
"ULTRASOL SUNSCREEN (AVOBENZONE, HOMOSALATE, OCTINOXATE, OCTISALATE, OCTOCRYLENE, OXYBENZONE) AEROSOL, SPRAY [FISCHER PHARMACEUTICALS LTD]",https://dailymed.nlm.nih.gov/dailymed/drugInfo.cfm?setid=b3515c77-a408-40d7-8254-fe3e6a3e4fac,"ULTRASOL SPORT SUNSCREEN (AVOBENZONE, HOMOSALATE, OCTINOXATE, OCTISALATE, OCTOCRYLENE, OXYBENZONE) AEROSOL, SPRAY [FISCHER PHARMACEUTICALS LTD]",https://dailymed.nlm.nih.gov/dailymed/drugInfo.cfm?setid=fd26612a-4a92-44b1-995e-f6f27c5ef6f3,yes
"ULTRASOLSUNSCREEN KIDS CLEAR CONTINUOUS SPRAY (AVOBENZONE, HOMOSALATE, OCTINOXATE, OCTISALATE, OCTOCRYLENE, OXYBENZONE) AEROSOL, SPRAY [FISCHER PHARMACEUTICALS LTD]",https://dailymed.nlm.nih.gov/dailymed/drugInfo.cfm?setid=3c8ec6df-04b8-45a1-9f23-f36622305e06,"ULTRASOLSUNSCREEN CLEAR CONTINUOUS SPRAY SPF43 (AVOBENZONE, HOMOSALATE, OCTINOXATE, OCTISALATE, OCTOCRYLENE, OXYBENZONE) AEROSOL, SPRAY [FISCHER PHARMACEUTICALS LTD]",https://dailymed.nlm.nih.gov/dailymed/drugInfo.cfm?setid=09121ddb-3504-4da8-9f1b-ac981b29dee0,yes
"ULTRASOLSUNSCREEN KIDS CLEAR CONTINUOUS SPRAY (AVOBENZONE, HOMOSALATE, OCTINOXATE, OCTISALATE, OCTOCRYLENE, OXYBENZONE) AEROSOL, SPRAY [FISCHER PHARMACEUTICALS LTD]",https://dailymed.nlm.nih.gov/dailymed/drugInfo.cfm?setid=3c8ec6df-04b8-45a1-9f23-f36622305e06,"ULTRASOLSUNSCREEN SPORT CLEAR CONTINUOUS SPRAY (AVOBENZONE, HOMOSALATE, OCTINOXATE, OCTISALATE, OCTOCRYLENE, OXYBENZONE) AEROSOL, SPRAY [FISCHER PHARMACEUTICALS LTD]",https://dailymed.nlm.nih.gov/dailymed/drugInfo.cfm?setid=96f914fa-1ef4-4783-9dda-9d25a55f700a,yes
"ULTRASOLSUNSCREEN KIDS SUNSCREEN LOTION CONTINUOUS SPRAY SPF 45 (AVOBENZONE, HOMOSALATE, OCTINOXATE, OCTISALATE, OCTOCRYLENE , OXYBENZONE) AEROSOL, SPRAY [FISCHER PHARMACEUTICALS LTD]",https://dailymed.nlm.nih.gov/dailymed/drugInfo.cfm?setid=72cf5079-80f6-4c87-a0d8-bb17a518f8c4,"ULTRASOLSUNSCREEN SPORT SUNSCREEN LOTION CONTINUOUS SPRAY SPF 45 (AVOBENZONE, HOMOSALATE, OCTINOXATE, OCTISALATE, OCTOCRYLENE, OXYBENZONE) AEROSOL, SPRAY [FISCHER PHARMACEUTICALS LTD]",https://dailymed.nlm.nih.gov/dailymed/drugInfo.cfm?setid=2e616006-222e-4169-8170-45294756248c,yes
"ULTRASOLSUNSCREEN KIDS SUNSCREEN LOTION SPF 34 (AVOBENZONE, OCTINOXATE, OCTISALATE, OXYBENZONE ) LOTION [FISCHER PHARMACEUTICALS LTD]",https://dailymed.nlm.nih.gov/dailymed/drugInfo.cfm?setid=441c6105-5c59-4022-85ae-f13d92fcc296,"ULTRASOLSUNSCREEN SUNSCREEN LOTION SPF 34 (AVOBENZONE , OCTINOXATE, OCTISALATE, OXYBENZONE) LOTION [FISCHER PHARMACEUTICALS LTD]",https://dailymed.nlm.nih.gov/dailymed/drugInfo.cfm?setid=876d12b1-51b7-409e-b43f-89583bf60709,yes
"WEGMANS KIDS AND SPORT BROAD SPECTRUM SPF 50 SUNSCREEN (AVOBENZONE, HOMOSALATE, OCTISALATE, OCTOCRYLENE) LOTION [WEGMANS FOOD MARKETS INC]",https://dailymed.nlm.nih.gov/dailymed/drugInfo.cfm?setid=f3463f81-9a65-3796-e053-2995a90a4f80,"WALGREENS SPF 50 HYDRATING (AVOBENZONE, HOMOSALATE, OCTISALATE, OCTOCRYLENE) LOTION [WALGREEN COMPANY]",https://dailymed.nlm.nih.gov/dailymed/drugInfo.cfm?setid=f347588d-8225-45a7-e053-2995a90ab688,no
"WEGMANS KIDS AND SPORT BROAD SPECTRUM SPF 50 SUNSCREEN (AVOBENZONE, HOMOSALATE, OCTISALATE, OCTOCRYLENE) LOTION [WEGMANS FOOD MARKETS INC]",https://dailymed.nlm.nih.gov/dailymed/drugInfo.cfm?setid=f3463f81-9a65-3796-e053-2995a90a4f80,"CVS HEALTH SPORT SPF 50 SUNSCREEN (AVOBENZONE, HOMOSALATE, OCTISALATE, OCTOCRYLENE) LOTION [CVS PHARMACY]",https://dailymed.nlm.nih.gov/dailymed/drugInfo.cfm?setid=f40e5664-e3ca-badf-e053-2a95a90a913e,no
